dwd_wh_dsc_inbound_line_dtl_di.wms_company_id,dwd_wh_dsc_inbound_line_dtl_di.wms_company_name,dwd_wh_dsc_inbound_line_dtl_di.wms_warehouse_id,dwd_wh_dsc_inbound_line_dtl_di.wms_warehouse_name,dwd_wh_dsc_inbound_line_dtl_di.internal_id,dwd_wh_dsc_inbound_line_dtl_di.asn_id,dwd_wh_dsc_inbound_line_dtl_di.asn_line_id,dwd_wh_dsc_inbound_line_dtl_di.asn_status,dwd_wh_dsc_inbound_line_dtl_di.sku_code,dwd_wh_dsc_inbound_line_dtl_di.sku_name,dwd_wh_dsc_inbound_line_dtl_di.sku_desc,dwd_wh_dsc_inbound_line_dtl_di.sku_barcode,dwd_wh_dsc_inbound_line_dtl_di.batch_number,dwd_wh_dsc_inbound_line_dtl_di.serial_number,dwd_wh_dsc_inbound_line_dtl_di.vendor_sku_barcode,dwd_wh_dsc_inbound_line_dtl_di.product_category,dwd_wh_dsc_inbound_line_dtl_di.product_status,dwd_wh_dsc_inbound_line_dtl_di.original_qty,dwd_wh_dsc_inbound_line_dtl_di.receive_qty,dwd_wh_dsc_inbound_line_dtl_di.receive_volume,dwd_wh_dsc_inbound_line_dtl_di.receive_weight,dwd_wh_dsc_inbound_line_dtl_di.quantity_um,dwd_wh_dsc_inbound_line_dtl_di.volume_um,dwd_wh_dsc_inbound_line_dtl_di.weight_um,dwd_wh_dsc_inbound_line_dtl_di.std_receive_volume,dwd_wh_dsc_inbound_line_dtl_di.std_receive_weight,dwd_wh_dsc_inbound_line_dtl_di.expire_date,dwd_wh_dsc_inbound_line_dtl_di.create_time,dwd_wh_dsc_inbound_line_dtl_di.receipt_time,dwd_wh_dsc_inbound_line_dtl_di.closed_date,dwd_wh_dsc_inbound_line_dtl_di.last_modified_date,dwd_wh_dsc_inbound_line_dtl_di.src_inc_day,dwd_wh_dsc_inbound_line_dtl_di.data_source,dwd_wh_dsc_inbound_line_dtl_di.inc_day,dwd_wh_dsc_inbound_line_dtl_di.src
FERRERO,FERRERO,CD_BTS,CD_BTS,2692,1084543291,6619,Blocked-BIOL,77198114,77198114,健达奇趣蛋男孩版3只装（T3）,null,null,null,null,null,Blocked-BIOL,50.0,50.0,0.0,0.0,CT,DM3,null,null,null,2022-02-22 00:00:00,2021-05-30 03:40:01,2021-05-30 00:00:00,2021-06-02 14:31:09,2021-06-02 06:31:09,20210803,scale_ferrero,20210602,scale
FERRERO,FERRERO,CD_BTS,CD_BTS,2692,1084543291,6617,Blocked-BIOL,77198117,77198117,健达奇趣蛋女孩版1只装（T24）,null,null,null,null,null,Blocked-BIOL,2282.0,2282.0,0.0,0.0,CT,DM3,null,null,null,2022-02-21 00:00:00,2021-05-30 03:40:01,2021-05-30 00:00:00,2021-06-02 14:31:09,2021-06-02 06:31:09,20210803,scale_ferrero,20210602,scale
FERRERO,FERRERO,CD_BTS,CD_BTS,2692,1084543291,6618,Blocked-BIOL,77200199,77200199,健达奇趣蛋女孩版1只装（T12）,null,null,null,null,null,Blocked-BIOL,48.0,48.0,0.0,0.0,CT,DM3,null,null,null,2022-02-21 00:00:00,2021-05-30 03:40:01,2021-05-30 00:00:00,2021-06-02 14:31:09,2021-06-02 06:31:09,20210803,scale_ferrero,20210602,scale
FERRERO,FERRERO,CD_BTS,CD_BTS,2693,1084609305,6621,Unrestricted-FGAV,77202132,77202132,费列罗榛果威化巧克力30粒装,null,null,null,null,null,Unrestricted-FGAV,243.0,243.0,0.0,0.0,CT,DM3,null,null,null,2022-02-23 00:00:00,2021-06-02 08:40:01,2021-06-02 00:00:00,2021-06-04 09:47:01,2021-06-04 01:47:01,20210803,scale_ferrero,20210604,scale
FERRERO,FERRERO,CD_BTS,CD_BTS,2693,1084609305,6623,Unrestricted-FGAV,77202106,77202106,费列罗榛果威化巧克力32粒钻石装,null,null,null,null,null,Unrestricted-FGAV,275.0,275.0,0.0,0.0,CT,DM3,null,null,null,2022-02-26 00:00:00,2021-06-02 08:40:01,2021-06-02 00:00:00,2021-06-04 09:47:01,2021-06-04 01:47:01,20210803,scale_ferrero,20210604,scale
FERRERO,FERRERO,CD_BTS,CD_BTS,2693,1084609305,6622,Unrestricted-FGAV,77197794,77197794,费列罗榛果威化巧克力15粒心型红色蝴蝶结装,null,null,null,null,null,Unrestricted-FGAV,662.0,662.0,0.0,0.0,CT,DM3,null,null,null,2022-02-25 00:00:00,2021-06-02 08:40:01,2021-06-02 00:00:00,2021-06-04 09:47:01,2021-06-04 01:47:01,20210803,scale_ferrero,20210604,scale
FERRERO,FERRERO,CD_BTS,CD_BTS,2693,1084609305,6620,Unrestricted-FGAV,77202132,77202132,费列罗榛果威化巧克力30粒装,null,null,null,null,null,Unrestricted-FGAV,184.0,184.0,0.0,0.0,CT,DM3,null,null,null,2022-02-23 00:00:00,2021-06-02 08:40:01,2021-06-02 00:00:00,2021-06-04 09:47:01,2021-06-04 01:47:01,20210803,scale_ferrero,20210604,scale
FERRERO,FERRERO,CD_BTS,CD_BTS,2695,1084615115,6632,Blocked-BIOL,77200197,77200197,健达奇趣蛋男孩版1只装（T12）,null,null,null,null,null,Blocked-BIOL,5.0,5.0,0.0,0.0,CT,DM3,null,null,null,2022-02-22 00:00:00,2021-06-02 13:40:02,2021-06-02 00:00:00,2021-06-04 13:43:18,2021-06-04 05:43:18,20210803,scale_ferrero,20210604,scale
FERRERO,FERRERO,CD_BTS,CD_BTS,2695,1084615115,6630,Blocked-BIOL,77198537,77198537,健达夹心牛奶巧克力20条装,null,null,null,null,null,Blocked-BIOL,35.0,35.0,0.0,0.0,CT,DM3,null,null,null,2022-02-24 00:00:00,2021-06-02 13:40:02,2021-06-02 00:00:00,2021-06-04 13:43:18,2021-06-04 05:43:18,20210803,scale_ferrero,20210604,scale
FERRERO,FERRERO,CD_BTS,CD_BTS,2695,1084615115,6629,Blocked-BIOL,77198535,77198535,健达夹心牛奶巧克力4条装,null,null,null,null,null,Blocked-BIOL,185.0,185.0,0.0,0.0,CT,DM3,null,null,null,2022-02-24 00:00:00,2021-06-02 13:40:02,2021-06-02 00:00:00,2021-06-04 13:43:18,2021-06-04 05:43:18,20210803,scale_ferrero,20210604,scale
FERRERO,FERRERO,CD_BTS,CD_BTS,2695,1084615115,6626,Blocked-BIOL,77198535,77198535,健达夹心牛奶巧克力4条装,null,null,null,null,null,Blocked-BIOL,720.0,720.0,0.0,0.0,CT,DM3,null,null,null,2022-02-25 00:00:00,2021-06-02 13:40:02,2021-06-02 00:00:00,2021-06-04 13:43:18,2021-06-04 05:43:18,20210803,scale_ferrero,20210604,scale
FERRERO,FERRERO,CD_BTS,CD_BTS,2695,1084615115,6627,Blocked-BIOL,77198536,77198536,健达夹心牛奶巧克力8条装,null,null,null,null,null,Blocked-BIOL,35.0,35.0,0.0,0.0,CT,DM3,null,null,null,2022-02-24 00:00:00,2021-06-02 13:40:02,2021-06-02 00:00:00,2021-06-04 13:43:18,2021-06-04 05:43:18,20210803,scale_ferrero,20210604,scale
FERRERO,FERRERO,CD_BTS,CD_BTS,2695,1084615115,6628,Blocked-BIOL,77198536,77198536,健达夹心牛奶巧克力8条装,null,null,null,null,null,Blocked-BIOL,684.0,684.0,0.0,0.0,CT,DM3,null,null,null,2022-02-25 00:00:00,2021-06-02 13:40:02,2021-06-02 00:00:00,2021-06-04 13:43:18,2021-06-04 05:43:18,20210803,scale_ferrero,20210604,scale
FERRERO,FERRERO,CD_BTS,CD_BTS,2695,1084615115,6631,Blocked-BIOL,77200197,77200197,健达奇趣蛋男孩版1只装（T12）,null,null,null,null,null,Blocked-BIOL,317.0,317.0,0.0,0.0,CT,DM3,null,null,null,2022-02-21 00:00:00,2021-06-02 13:40:02,2021-06-02 00:00:00,2021-06-04 13:43:18,2021-06-04 05:43:18,20210803,scale_ferrero,20210604,scale
FERRERO,FERRERO,CD_BTS,CD_BTS,2694,1084615116,6625,Blocked-BIOL,77198535,77198535,健达夹心牛奶巧克力4条装,null,null,null,null,null,Blocked-BIOL,481.0,481.0,0.0,0.0,CT,DM3,null,null,null,2022-02-25 00:00:00,2021-06-02 13:40:01,2021-06-02 00:00:00,2021-06-04 13:36:19,2021-06-04 05:36:19,20210803,scale_ferrero,20210604,scale
FERRERO,FERRERO,CD_BTS,CD_BTS,2694,1084615116,6624,Blocked-BIOL,77198114,77198114,健达奇趣蛋男孩版3只装（T3）,null,null,null,null,null,Blocked-BIOL,422.0,422.0,0.0,0.0,CT,DM3,null,null,null,2022-02-22 00:00:00,2021-06-02 13:40:01,2021-06-02 00:00:00,2021-06-04 13:36:19,2021-06-04 05:36:19,20210803,scale_ferrero,20210604,scale
FERRERO,FERRERO,CD_BTS,CD_BTS,2696,1084624721,6633,Unrestricted-FGAV,77198114,77198114,健达奇趣蛋男孩版3只装（T3）,null,null,null,null,null,Unrestricted-FGAV,125.0,125.0,0.0,0.0,CT,DM3,null,null,null,2022-02-13 00:00:00,2021-06-03 01:20:01,2021-06-03 00:00:00,2021-06-04 09:48:36,2021-06-04 01:48:36,20210803,scale_ferrero,20210604,scale
FERRERO,FERRERO,CD_BTS,CD_BTS,2697,1084636699,6634,Unrestricted-FGAV,77202107,77202107,费列罗榛果威化巧克力3粒装,null,null,null,null,null,Unrestricted-FGAV,909.0,909.0,0.0,0.0,CT,DM3,null,null,null,2022-02-25 00:00:00,2021-06-03 12:20:01,2021-06-03 00:00:00,2021-06-06 11:00:16,2021-06-06 03:00:16,20210803,scale_ferrero,20210606,scale
FERRERO,FERRERO,CD_BTS,CD_BTS,2698,1084649491,6635,Unrestricted-FGAV,76867709,76867709,拉斐尔脆雪柔椰蓉扁桃仁糖果酥球原糖285粒装,null,null,null,null,null,Unrestricted-FGAV,97.0,97.0,0.0,0.0,CT,DM3,null,null,null,2022-07-03 00:00:00,2021-06-04 02:50:01,2021-06-04 00:00:00,2021-06-06 11:03:22,2021-06-06 03:03:22,20210803,scale_ferrero,20210606,scale
FERRERO,FERRERO,CD_BTS,CD_BTS,2699,1084658616,6639,Blocked-BIOL,77198115,77198115,健达奇趣蛋女孩版3只装（T3）,null,null,null,null,null,Blocked-BIOL,149.0,149.0,0.0,0.0,CT,DM3,null,null,null,2022-02-21 00:00:00,2021-06-04 10:10:03,2021-06-04 00:00:00,2021-06-06 14:04:14,2021-06-06 06:04:14,20210803,scale_ferrero,20210606,scale
FERRERO,FERRERO,CD_BTS,CD_BTS,2699,1084658616,6637,Blocked-BIOL,77198535,77198535,健达夹心牛奶巧克力4条装,null,null,null,null,null,Blocked-BIOL,1.0,1.0,0.0,0.0,CT,DM3,null,null,null,2022-02-26 00:00:00,2021-06-04 10:10:03,2021-06-04 00:00:00,2021-06-06 14:04:14,2021-06-06 06:04:14,20210803,scale_ferrero,20210606,scale
FERRERO,FERRERO,CD_BTS,CD_BTS,2699,1084658616,6636,Blocked-BIOL,77198536,77198536,健达夹心牛奶巧克力8条装,null,null,null,null,null,Blocked-BIOL,558.0,558.0,0.0,0.0,CT,DM3,null,null,null,2022-02-26 00:00:00,2021-06-04 10:10:03,2021-06-04 00:00:00,2021-06-06 14:04:14,2021-06-06 06:04:14,20210803,scale_ferrero,20210606,scale
FERRERO,FERRERO,CD_BTS,CD_BTS,2699,1084658616,6638,Blocked-BIOL,77198535,77198535,健达夹心牛奶巧克力4条装,null,null,null,null,null,Blocked-BIOL,299.0,299.0,0.0,0.0,CT,DM3,null,null,null,2022-02-27 00:00:00,2021-06-04 10:10:03,2021-06-04 00:00:00,2021-06-06 14:04:14,2021-06-06 06:04:14,20210803,scale_ferrero,20210606,scale
FERRERO,FERRERO,CD_BTS,CD_BTS,2703,1084675848,6645,Unrestricted-FGAV,77202107,77202107,费列罗榛果威化巧克力3粒装,null,null,null,null,null,Unrestricted-FGAV,397.0,397.0,0.0,0.0,CT,DM3,null,null,null,2022-02-23 00:00:00,2021-06-06 12:30:01,2021-06-06 00:00:00,2021-06-07 13:59:38,2021-06-07 05:59:38,20210803,scale_ferrero,20210607,scale
FERRERO,FERRERO,CD_BTS,CD_BTS,2703,1084675848,6646,Unrestricted-FGAV,77202109,77202109,费列罗榛果威化巧克力8粒心型装,null,null,null,null,null,Unrestricted-FGAV,408.0,408.0,0.0,0.0,CT,DM3,null,null,null,2022-02-23 00:00:00,2021-06-06 12:30:01,2021-06-06 00:00:00,2021-06-07 13:59:38,2021-06-07 05:59:38,20210803,scale_ferrero,20210607,scale
FERRERO,FERRERO,CD_BTS,CD_BTS,2702,1084679781,6644,Unrestricted-FGAV,77198533,77198533,健达夹心牛奶巧克力倍多6条装,null,null,null,null,null,Unrestricted-FGAV,15.0,15.0,0.0,0.0,CT,DM3,null,null,null,2022-02-18 00:00:00,2021-06-06 09:50:01,2021-06-06 00:00:00,2021-06-07 14:01:00,2021-06-07 06:01:00,20210803,scale_ferrero,20210607,scale
FERRERO,FERRERO,CD_BTS,CD_BTS,2702,1084679781,6643,Unrestricted-FGAV,77198531,77198531,健达快乐河马可可味T5x10x4,null,null,null,null,null,Unrestricted-FGAV,119.0,119.0,0.0,0.0,CT,DM3,null,null,null,2022-02-18 00:00:00,2021-06-06 09:50:01,2021-06-06 00:00:00,2021-06-07 14:01:00,2021-06-07 06:01:00,20210803,scale_ferrero,20210607,scale
FERRERO,FERRERO,CD_BTS,CD_BTS,2704,1084683985,6652,Unrestricted-FGAV,77202104,77202104,费列罗榛果威化巧克力5粒装,null,null,null,null,null,Unrestricted-FGAV,163.0,163.0,0.0,0.0,CT,DM3,null,null,null,2022-02-28 00:00:00,2021-06-07 01:30:03,2021-06-07 00:00:00,2021-06-07 14:05:56,2021-06-07 06:05:56,20210803,scale_ferrero,20210607,scale
FERRERO,FERRERO,CD_BTS,CD_BTS,2704,1084683985,6651,Unrestricted-FGAV,77198916,77198916,健达夹心牛奶巧克力迷你84克装（丛林世界）,null,null,null,null,null,Unrestricted-FGAV,96.0,96.0,0.0,0.0,CT,DM3,null,null,null,2022-02-27 00:00:00,2021-06-07 01:30:03,2021-06-07 00:00:00,2021-06-07 14:05:56,2021-06-07 06:05:56,20210803,scale_ferrero,20210607,scale
FERRERO,FERRERO,CD_BTS,CD_BTS,2704,1084683985,6650,Unrestricted-FGAV,77198916,77198916,健达夹心牛奶巧克力迷你84克装（丛林世界）,null,null,null,null,null,Unrestricted-FGAV,33.0,33.0,0.0,0.0,CT,DM3,null,null,null,2022-02-22 00:00:00,2021-06-07 01:30:03,2021-06-07 00:00:00,2021-06-07 14:05:56,2021-06-07 06:05:56,20210803,scale_ferrero,20210607,scale
FERRERO,FERRERO,CD_BTS,CD_BTS,2704,1084683985,6648,Unrestricted-FGAV,77216868,77216868,拉斐尔脆雪柔椰蓉扁桃仁糖果酥球红色3粒装,null,null,null,null,null,Unrestricted-FGAV,153.0,153.0,0.0,0.0,CT,DM3,null,null,null,2022-02-27 00:00:00,2021-06-07 01:30:03,2021-06-07 00:00:00,2021-06-07 14:05:56,2021-06-07 06:05:56,20210803,scale_ferrero,20210607,scale
FERRERO,FERRERO,CD_BTS,CD_BTS,2704,1084683985,6647,Unrestricted-FGAV,77202105,77202105,费列罗榛果威化巧克力糖果礼盒27粒心型装 EC,null,null,null,null,null,Unrestricted-FGAV,9.0,9.0,0.0,0.0,CT,DM3,null,null,null,2022-02-27 00:00:00,2021-06-07 01:30:03,2021-06-07 00:00:00,2021-06-07 14:05:56,2021-06-07 06:05:56,20210803,scale_ferrero,20210607,scale
FERRERO,FERRERO,CD_BTS,CD_BTS,2704,1084683985,6649,Unrestricted-FGAV,77216869,77216869,拉斐尔脆雪柔椰蓉扁桃仁糖果酥球红色10粒心型装,null,null,null,null,null,Unrestricted-FGAV,130.0,130.0,0.0,0.0,CT,DM3,null,null,null,2022-02-27 00:00:00,2021-06-07 01:30:03,2021-06-07 00:00:00,2021-06-07 14:05:56,2021-06-07 06:05:56,20210803,scale_ferrero,20210607,scale
FERRERO,FERRERO,CD_BTS,CD_BTS,2700,1084675469,6640,Unrestricted-FGAV,77202108,77202108,费列罗榛果威化巧克力16粒装,null,null,null,null,null,Unrestricted-FGAV,251.0,251.0,0.0,0.0,CT,DM3,null,null,null,2022-02-28 00:00:00,2021-06-06 08:20:01,2021-06-06 00:00:00,2021-06-09 14:19:23,2021-06-09 06:19:23,20210803,scale_ferrero,20210609,scale
FERRERO,FERRERO,CD_BTS,CD_BTS,2701,1084679080,6641,Unrestricted-FGAV,77209876,77209876,健达缤纷乐白巧克力6条装,null,null,null,null,null,Unrestricted-FGAV,33.0,33.0,0.0,0.0,CT,DM3,null,null,null,2022-03-08 00:00:00,2021-06-06 08:20:02,2021-06-06 00:00:00,2021-06-09 14:20:52,2021-06-09 06:20:52,20210803,scale_ferrero,20210609,scale
FERRERO,FERRERO,CD_BTS,CD_BTS,2701,1084679080,6642,Unrestricted-FGAV,77198533,77198533,健达夹心牛奶巧克力倍多6条装,null,null,null,null,null,Unrestricted-FGAV,24.0,24.0,0.0,0.0,CT,DM3,null,null,null,2022-03-08 00:00:00,2021-06-06 08:20:02,2021-06-06 00:00:00,2021-06-09 14:20:52,2021-06-09 06:20:52,20210803,scale_ferrero,20210609,scale
FERRERO,FERRERO,CD_BTS,CD_BTS,2706,1084783362,6656,Quality-R001,77200197,77200197,健达奇趣蛋男孩版1只装（T12）,null,null,null,null,null,Quality-R001,1.0,1.0,0.0,0.0,CT,DM3,null,null,null,2022-02-21 00:00:00,2021-06-10 07:00:02,2021-06-10 00:00:00,2021-06-10 15:46:35,2021-06-10 07:46:35,20210803,scale_ferrero,20210610,scale
FERRERO,FERRERO,CD_BTS,CD_BTS,2705,1084763241,6654,Blocked-BIOL,77198117,77198117,健达奇趣蛋女孩版1只装（T24）,null,null,null,null,null,Blocked-BIOL,1587.0,1587.0,0.0,0.0,CT,DM3,null,null,null,2022-03-04 00:00:00,2021-06-09 12:40:01,2021-06-09 00:00:00,2021-06-11 16:46:59,2021-06-11 08:46:59,20210803,scale_ferrero,20210611,scale
FERRERO,FERRERO,CD_BTS,CD_BTS,2705,1084763241,6655,Blocked-BIOL,77197627,77197627,健达奇趣蛋女孩版1只装（T48）,null,null,null,null,null,Blocked-BIOL,422.0,422.0,0.0,0.0,CT,DM3,null,null,null,2022-03-04 00:00:00,2021-06-09 12:40:01,2021-06-09 00:00:00,2021-06-11 16:46:59,2021-06-11 08:46:59,20210803,scale_ferrero,20210611,scale
FERRERO,FERRERO,CD_BTS,CD_BTS,2705,1084763241,6653,Blocked-BIOL,77200199,77200199,健达奇趣蛋女孩版1只装（T12）,null,null,null,null,null,Blocked-BIOL,394.0,394.0,0.0,0.0,CT,DM3,null,null,null,2022-03-04 00:00:00,2021-06-09 12:40:01,2021-06-09 00:00:00,2021-06-11 16:46:59,2021-06-11 08:46:59,20210803,scale_ferrero,20210611,scale
FERRERO,FERRERO,CD_BTS,CD_BTS,2707,1084828099,6657,Blocked-BIOL,77197628,77197628,健达奇趣蛋男孩版1只装（T48）,null,null,null,null,null,Blocked-BIOL,446.0,446.0,0.0,0.0,CT,DM3,null,null,null,2022-03-05 00:00:00,2021-06-11 13:10:01,2021-06-11 00:00:00,2021-06-13 12:09:30,2021-06-13 04:09:30,20210803,scale_ferrero,20210613,scale
FERRERO,FERRERO,CD_BTS,CD_BTS,2707,1084828099,6658,Blocked-BIOL,77197981,77197981,健达奇趣蛋男孩版1只装（T24）,null,null,null,null,null,Blocked-BIOL,2083.0,2083.0,0.0,0.0,CT,DM3,null,null,null,2022-03-06 00:00:00,2021-06-11 13:10:01,2021-06-11 00:00:00,2021-06-13 12:09:30,2021-06-13 04:09:30,20210803,scale_ferrero,20210613,scale
FERRERO,FERRERO,CD_BTS,CD_BTS,2710,1084839521,6663,Unrestricted-FGAV,77951223,77951223,健达快乐河马可可味T(5X4)X10-山姆装,null,null,null,null,null,Unrestricted-FGAV,100.0,100.0,0.0,0.0,CT,DM3,null,null,null,2022-03-18 00:00:00,2021-06-12 03:20:03,2021-06-12 00:00:00,2021-06-15 14:03:45,2021-06-15 06:03:45,20210803,scale_ferrero,20210615,scale
FERRERO,FERRERO,CD_BTS,CD_BTS,2710,1084839521,6662,Unrestricted-FGAV,77948974,77948974,费列罗榛果威化巧克力30粒x3x4-山姆装,null,null,null,null,null,Unrestricted-FGAV,40.0,40.0,0.0,0.0,CT,DM3,null,null,null,2022-02-28 00:00:00,2021-06-12 03:20:03,2021-06-12 00:00:00,2021-06-15 14:03:45,2021-06-15 06:03:45,20210803,scale_ferrero,20210615,scale
FERRERO,FERRERO,CD_BTS,CD_BTS,2709,1084839729,6661,Unrestricted-FGAV,77210252,77210252,健达快乐河马16条装,null,null,null,null,null,Unrestricted-FGAV,30.0,30.0,0.0,0.0,CT,DM3,null,null,null,2022-03-03 00:00:00,2021-06-12 03:20:03,2021-06-12 00:00:00,2021-06-15 14:02:09,2021-06-15 06:02:09,20210803,scale_ferrero,20210615,scale
FERRERO,FERRERO,CD_BTS,CD_BTS,2709,1084839729,6660,Unrestricted-FGAV,77198531,77198531,健达快乐河马可可味T5x10x4,null,null,null,null,null,Unrestricted-FGAV,67.0,67.0,0.0,0.0,CT,DM3,null,null,null,2022-03-18 00:00:00,2021-06-12 03:20:03,2021-06-12 00:00:00,2021-06-15 14:02:09,2021-06-15 06:02:09,20210803,scale_ferrero,20210615,scale
FERRERO,FERRERO,CD_BTS,CD_BTS,2714,1084840353,6669,Unrestricted-FGAV,77948995,77948995,费列罗臻品巧克力糖果礼盒32粒装x8盒-山姆装,null,null,null,null,null,Unrestricted-FGAV,20.0,20.0,0.0,0.0,CT,DM3,null,null,null,2022-02-02 00:00:00,2021-06-12 05:40:03,2021-06-12 00:00:00,2021-06-15 13:36:12,2021-06-15 05:36:12,20210803,scale_ferrero,20210615,scale
FERRERO,FERRERO,CD_BTS,CD_BTS,2708,1084840394,6659,Unrestricted-FGAV,77202108,77202108,费列罗榛果威化巧克力16粒装,null,null,null,null,null,Unrestricted-FGAV,125.0,125.0,0.0,0.0,CT,DM3,null,null,null,2022-03-04 00:00:00,2021-06-12 03:20:02,2021-06-12 00:00:00,2021-06-15 14:04:50,2021-06-15 06:04:50,20210803,scale_ferrero,20210615,scale
FERRERO,FERRERO,CD_BTS,CD_BTS,2718,1084840395,6683,Unrestricted-FGAV,77202108,77202108,费列罗榛果威化巧克力16粒装,null,null,null,null,null,Unrestricted-FGAV,178.0,178.0,0.0,0.0,CT,DM3,null,null,null,2022-03-01 00:00:00,2021-06-15 06:20:02,2021-06-15 00:00:00,2021-06-15 14:22:34,2021-06-15 06:22:34,20210803,scale_ferrero,20210615,scale
FERRERO,FERRERO,CD_BTS,CD_BTS,2718,1084840395,6684,Unrestricted-FGAV,77202107,77202107,费列罗榛果威化巧克力3粒装,null,null,null,null,null,Unrestricted-FGAV,10.0,10.0,0.0,0.0,CT,DM3,null,null,null,2022-03-01 00:00:00,2021-06-15 06:20:02,2021-06-15 00:00:00,2021-06-15 14:22:34,2021-06-15 06:22:34,20210803,scale_ferrero,20210615,scale
FERRERO,FERRERO,CD_BTS,CD_BTS,2711,1084841026,6664,Unrestricted-FGAV,77953834,77953834,健达鸿运大礼盒,null,null,null,null,null,Unrestricted-FGAV,30.0,30.0,0.0,0.0,CT,DM3,null,null,null,2022-01-17 00:00:00,2021-06-12 05:40:02,2021-06-12 00:00:00,2021-06-15 13:55:09,2021-06-15 05:55:09,20210803,scale_ferrero,20210615,scale
FERRERO,FERRERO,CD_BTS,CD_BTS,2715,1084841242,6671,Unrestricted-FGAV,77202109,77202109,费列罗榛果威化巧克力8粒心型装,null,null,null,null,null,Unrestricted-FGAV,669.0,669.0,0.0,0.0,CT,DM3,null,null,null,2022-03-05 00:00:00,2021-06-12 05:50:01,2021-06-12 00:00:00,2021-06-15 14:00:39,2021-06-15 06:00:39,20210803,scale_ferrero,20210615,scale
FERRERO,FERRERO,CD_BTS,CD_BTS,2715,1084841242,6670,Unrestricted-FGAV,77202107,77202107,费列罗榛果威化巧克力3粒装,null,null,null,null,null,Unrestricted-FGAV,590.0,590.0,0.0,0.0,CT,DM3,null,null,null,2022-03-05 00:00:00,2021-06-12 05:50:01,2021-06-12 00:00:00,2021-06-15 14:00:39,2021-06-15 06:00:39,20210803,scale_ferrero,20210615,scale
FERRERO,FERRERO,CD_BTS,CD_BTS,2713,1084841528,6668,Unrestricted-FGAV,77202110,77202110,费列罗榛果威化巧克力24粒钻石装,null,null,null,null,null,Unrestricted-FGAV,1143.0,1143.0,0.0,0.0,CT,DM3,null,null,null,2022-03-07 00:00:00,2021-06-12 05:40:03,2021-06-12 00:00:00,2021-06-15 13:50:53,2021-06-15 05:50:53,20210803,scale_ferrero,20210615,scale
FERRERO,FERRERO,CD_BTS,CD_BTS,2712,1084842004,6666,Unrestricted-FGAV,77216870,77216870,拉斐尔脆雪柔椰蓉扁桃仁糖果酥球红色15粒装,null,null,null,null,null,Unrestricted-FGAV,20.0,20.0,0.0,0.0,CT,DM3,null,null,null,2022-02-18 00:00:00,2021-06-12 05:40:02,2021-06-12 00:00:00,2021-06-15 13:56:54,2021-06-15 05:56:54,20210803,scale_ferrero,20210615,scale
FERRERO,FERRERO,CD_BTS,CD_BTS,2712,1084842004,6667,Unrestricted-FGAV,77209876,77209876,健达缤纷乐白巧克力6条装,null,null,null,null,null,Unrestricted-FGAV,20.0,20.0,0.0,0.0,CT,DM3,null,null,null,2022-01-25 00:00:00,2021-06-12 05:40:02,2021-06-12 00:00:00,2021-06-15 13:56:54,2021-06-15 05:56:54,20210803,scale_ferrero,20210615,scale
FERRERO,FERRERO,CD_BTS,CD_BTS,2712,1084842004,6665,Unrestricted-FGAV,77197794,77197794,费列罗榛果威化巧克力15粒心型红色蝴蝶结装,null,null,null,null,null,Unrestricted-FGAV,60.0,60.0,0.0,0.0,CT,DM3,null,null,null,2022-02-26 00:00:00,2021-06-12 05:40:02,2021-06-12 00:00:00,2021-06-15 13:56:54,2021-06-15 05:56:54,20210803,scale_ferrero,20210615,scale
FERRERO,FERRERO,CD_BTS,CD_BTS,2716,1084851198,6672,Blocked-BIOL,77198115,77198115,健达奇趣蛋女孩版3只装（T3）,null,null,null,null,null,Blocked-BIOL,198.0,198.0,0.0,0.0,CT,DM3,null,null,null,2022-03-05 00:00:00,2021-06-13 11:50:01,2021-06-13 00:00:00,2021-06-15 15:14:20,2021-06-15 07:14:20,20210803,scale_ferrero,20210615,scale
FERRERO,FERRERO,CD_BTS,CD_BTS,2716,1084851198,6675,Blocked-BIOL,77198114,77198114,健达奇趣蛋男孩版3只装（T3）,null,null,null,null,null,Blocked-BIOL,334.0,334.0,0.0,0.0,CT,DM3,null,null,null,2022-03-05 00:00:00,2021-06-13 11:50:01,2021-06-13 00:00:00,2021-06-15 15:14:20,2021-06-15 07:14:20,20210803,scale_ferrero,20210615,scale
FERRERO,FERRERO,CD_BTS,CD_BTS,2716,1084851198,6676,Blocked-BIOL,77200199,77200199,健达奇趣蛋女孩版1只装（T12）,null,null,null,null,null,Blocked-BIOL,8.0,8.0,0.0,0.0,CT,DM3,null,null,null,2022-03-04 00:00:00,2021-06-13 11:50:01,2021-06-13 00:00:00,2021-06-15 15:14:20,2021-06-15 07:14:20,20210803,scale_ferrero,20210615,scale
FERRERO,FERRERO,CD_BTS,CD_BTS,2716,1084851198,6677,Blocked-BIOL,77198114,77198114,健达奇趣蛋男孩版3只装（T3）,null,null,null,null,null,Blocked-BIOL,63.0,63.0,0.0,0.0,CT,DM3,null,null,null,2022-03-05 00:00:00,2021-06-13 11:50:01,2021-06-13 00:00:00,2021-06-15 15:14:20,2021-06-15 07:14:20,20210803,scale_ferrero,20210615,scale
FERRERO,FERRERO,CD_BTS,CD_BTS,2716,1084851198,6678,Blocked-BIOL,77200197,77200197,健达奇趣蛋男孩版1只装（T12）,null,null,null,null,null,Blocked-BIOL,28.0,28.0,0.0,0.0,CT,DM3,null,null,null,2022-03-06 00:00:00,2021-06-13 11:50:01,2021-06-13 00:00:00,2021-06-15 15:14:20,2021-06-15 07:14:20,20210803,scale_ferrero,20210615,scale
FERRERO,FERRERO,CD_BTS,CD_BTS,2716,1084851198,6674,Blocked-BIOL,77200197,77200197,健达奇趣蛋男孩版1只装（T12）,null,null,null,null,null,Blocked-BIOL,810.0,810.0,0.0,0.0,CT,DM3,null,null,null,2022-03-06 00:00:00,2021-06-13 11:50:01,2021-06-13 00:00:00,2021-06-15 15:14:20,2021-06-15 07:14:20,20210803,scale_ferrero,20210615,scale
FERRERO,FERRERO,CD_BTS,CD_BTS,2716,1084851198,6673,Blocked-BIOL,77200199,77200199,健达奇趣蛋女孩版1只装（T12）,null,null,null,null,null,Blocked-BIOL,387.0,387.0,0.0,0.0,CT,DM3,null,null,null,2022-03-05 00:00:00,2021-06-13 11:50:01,2021-06-13 00:00:00,2021-06-15 15:14:20,2021-06-15 07:14:20,20210803,scale_ferrero,20210615,scale
FERRERO,FERRERO,CD_BTS,CD_BTS,2717,1084874815,6680,Unrestricted-FGAV,77202107,77202107,费列罗榛果威化巧克力3粒装,null,null,null,null,null,Unrestricted-FGAV,163.0,163.0,0.0,0.0,CT,DM3,null,null,null,2022-03-07 00:00:00,2021-06-15 06:10:01,2021-06-15 00:00:00,2021-06-16 17:53:09,2021-06-16 09:53:09,20210803,scale_ferrero,20210616,scale
FERRERO,FERRERO,CD_BTS,CD_BTS,2717,1084874815,6679,Unrestricted-FGAV,77202106,77202106,费列罗榛果威化巧克力32粒钻石装,null,null,null,null,null,Unrestricted-FGAV,183.0,183.0,0.0,0.0,CT,DM3,null,null,null,2022-03-05 00:00:00,2021-06-15 06:10:01,2021-06-15 00:00:00,2021-06-16 17:53:09,2021-06-16 09:53:09,20210803,scale_ferrero,20210616,scale
FERRERO,FERRERO,CD_BTS,CD_BTS,2717,1084874815,6681,Unrestricted-FGAV,77202132,77202132,费列罗榛果威化巧克力30粒装,null,null,null,null,null,Unrestricted-FGAV,118.0,118.0,0.0,0.0,CT,DM3,null,null,null,2022-03-04 00:00:00,2021-06-15 06:10:01,2021-06-15 00:00:00,2021-06-16 17:53:09,2021-06-16 09:53:09,20210803,scale_ferrero,20210616,scale
FERRERO,FERRERO,CD_BTS,CD_BTS,2717,1084874815,6682,Unrestricted-FGAV,77202375,77202375,费列罗臻品巧克力糖果礼盒32粒装,null,null,null,null,null,Unrestricted-FGAV,48.0,48.0,0.0,0.0,CT,DM3,null,null,null,2022-02-02 00:00:00,2021-06-15 06:10:01,2021-06-15 00:00:00,2021-06-16 17:53:09,2021-06-16 09:53:09,20210803,scale_ferrero,20210616,scale
FERRERO,FERRERO,CD_BTS,CD_BTS,2719,1084892791,6685,Unrestricted-FGAV,77202374,77202374,费列罗臻品巧克力糖果礼盒15粒装,null,null,null,null,null,Unrestricted-FGAV,55.0,55.0,0.0,0.0,CT,DM3,null,null,null,2022-01-15 00:00:00,2021-06-15 08:10:03,2021-06-15 00:00:00,2021-06-16 17:52:38,2021-06-16 09:52:38,20210803,scale_ferrero,20210616,scale
FERRERO,FERRERO,CD_BTS,CD_BTS,2720,1084895472,6687,Unrestricted-FGAV,77216868,77216868,拉斐尔脆雪柔椰蓉扁桃仁糖果酥球红色3粒装,null,null,null,null,null,Unrestricted-FGAV,61.0,61.0,0.0,0.0,CT,DM3,null,null,null,2022-03-05 00:00:00,2021-06-15 09:10:01,2021-06-15 00:00:00,2021-06-16 17:52:47,2021-06-16 09:52:47,20210803,scale_ferrero,20210616,scale
FERRERO,FERRERO,CD_BTS,CD_BTS,2720,1084895472,6688,Unrestricted-FGAV,77216870,77216870,拉斐尔脆雪柔椰蓉扁桃仁糖果酥球红色15粒装,null,null,null,null,null,Unrestricted-FGAV,174.0,174.0,0.0,0.0,CT,DM3,null,null,null,2022-03-08 00:00:00,2021-06-15 09:10:01,2021-06-15 00:00:00,2021-06-16 17:52:47,2021-06-16 09:52:47,20210803,scale_ferrero,20210616,scale
FERRERO,FERRERO,CD_BTS,CD_BTS,2720,1084895472,6689,Unrestricted-FGAV,77198916,77198916,健达夹心牛奶巧克力迷你84克装（丛林世界）,null,null,null,null,null,Unrestricted-FGAV,105.0,105.0,0.0,0.0,CT,DM3,null,null,null,2022-03-08 00:00:00,2021-06-15 09:10:01,2021-06-15 00:00:00,2021-06-16 17:52:47,2021-06-16 09:52:47,20210803,scale_ferrero,20210616,scale
FERRERO,FERRERO,CD_BTS,CD_BTS,2720,1084895472,6686,Unrestricted-FGAV,77202105,77202105,费列罗榛果威化巧克力糖果礼盒27粒心型装 EC,null,null,null,null,null,Unrestricted-FGAV,14.0,14.0,0.0,0.0,CT,DM3,null,null,null,2022-03-04 00:00:00,2021-06-15 09:10:01,2021-06-15 00:00:00,2021-06-16 17:52:47,2021-06-16 09:52:47,20210803,scale_ferrero,20210616,scale
FERRERO,FERRERO,CD_BTS,CD_BTS,2724,1085013913,6694,Unrestricted-FGAV,77198531,77198531,健达快乐河马可可味T5x10x4,null,null,null,null,null,Unrestricted-FGAV,23.0,23.0,0.0,0.0,CT,DM3,null,null,null,2022-03-19 00:00:00,2021-06-19 07:10:01,2021-06-19 00:00:00,2021-06-21 20:02:50,2021-06-21 12:02:50,20210803,scale_ferrero,20210621,scale
FERRERO,FERRERO,CD_BTS,CD_BTS,2724,1085013913,6695,Unrestricted-FGAV,77202107,77202107,费列罗榛果威化巧克力3粒装,null,null,null,null,null,Unrestricted-FGAV,98.0,98.0,0.0,0.0,CT,DM3,null,null,null,2022-03-13 00:00:00,2021-06-19 07:10:01,2021-06-19 00:00:00,2021-06-21 20:02:50,2021-06-21 12:02:50,20210803,scale_ferrero,20210621,scale
FERRERO,FERRERO,CD_BTS,CD_BTS,2723,1085014023,6693,Unrestricted-FGAV,77202107,77202107,费列罗榛果威化巧克力3粒装,null,null,null,null,null,Unrestricted-FGAV,110.0,110.0,0.0,0.0,CT,DM3,null,null,null,2022-03-14 00:00:00,2021-06-19 07:00:02,2021-06-19 00:00:00,2021-06-21 20:06:46,2021-06-21 12:06:46,20210803,scale_ferrero,20210621,scale
FERRERO,FERRERO,CD_BTS,CD_BTS,2721,1085015199,6690,Unrestricted-FGAV,77209876,77209876,健达缤纷乐白巧克力6条装,null,null,null,null,null,Unrestricted-FGAV,83.0,83.0,0.0,0.0,CT,DM3,null,null,null,2022-03-22 00:00:00,2021-06-19 07:00:02,2021-06-19 00:00:00,2021-06-21 20:05:42,2021-06-21 12:05:42,20210803,scale_ferrero,20210621,scale
FERRERO,FERRERO,CD_BTS,CD_BTS,2722,1085015724,6692,Unrestricted-FGAV,77202107,77202107,费列罗榛果威化巧克力3粒装,null,null,null,null,null,Unrestricted-FGAV,381.0,381.0,0.0,0.0,CT,DM3,null,null,null,2022-03-12 00:00:00,2021-06-19 07:00:02,2021-06-19 00:00:00,2021-06-21 20:04:43,2021-06-21 12:04:43,20210803,scale_ferrero,20210621,scale
FERRERO,FERRERO,CD_BTS,CD_BTS,2722,1085015724,6691,Unrestricted-FGAV,77202108,77202108,费列罗榛果威化巧克力16粒装,null,null,null,null,null,Unrestricted-FGAV,186.0,186.0,0.0,0.0,CT,DM3,null,null,null,2022-03-12 00:00:00,2021-06-19 07:00:02,2021-06-19 00:00:00,2021-06-21 20:04:43,2021-06-21 12:04:43,20210803,scale_ferrero,20210621,scale
FERRERO,FERRERO,CD_BTS,CD_BTS,2726,1085037987,6699,Quality-R001,77210252,77210252,健达快乐河马16条装,null,null,null,null,null,Quality-R001,2.0,2.0,0.0,0.0,CT,DM3,null,null,null,2022-02-18 00:00:00,2021-06-21 07:30:01,2021-06-21 00:00:00,2021-06-21 16:05:02,2021-06-21 08:05:02,20210803,scale_ferrero,20210621,scale
FERRERO,FERRERO,CD_BTS,CD_BTS,2727,1085037989,6700,Quality-R001,77216870,77216870,拉斐尔脆雪柔椰蓉扁桃仁糖果酥球红色15粒装,null,null,null,null,null,Quality-R001,1.0,1.0,0.0,0.0,CT,DM3,null,null,null,2022-02-18 00:00:00,2021-06-21 07:30:01,2021-06-21 00:00:00,2021-06-21 16:09:41,2021-06-21 08:09:41,20210803,scale_ferrero,20210621,scale
FERRERO,FERRERO,CD_BTS,CD_BTS,2728,1085037990,6701,Quality-R001,77198531,77198531,健达快乐河马可可味T5x10x4,null,null,null,null,null,Quality-R001,1.0,1.0,0.0,0.0,CT,DM3,null,null,null,2022-03-18 00:00:00,2021-06-21 07:30:01,2021-06-21 00:00:00,2021-06-21 16:12:17,2021-06-21 08:12:17,20210803,scale_ferrero,20210621,scale
FERRERO,FERRERO,CD_BTS,CD_BTS,2725,1085036214,6696,Unrestricted-FGAV,77202107,77202107,费列罗榛果威化巧克力3粒装,null,null,null,null,null,Unrestricted-FGAV,374.0,374.0,0.0,0.0,CT,DM3,null,null,null,2022-03-12 00:00:00,2021-06-21 07:00:02,2021-06-21 00:00:00,2021-06-23 11:07:42,2021-06-23 03:07:42,20210803,scale_ferrero,20210623,scale
FERRERO,FERRERO,CD_BTS,CD_BTS,2725,1085036214,6697,Unrestricted-FGAV,77202106,77202106,费列罗榛果威化巧克力32粒钻石装,null,null,null,null,null,Unrestricted-FGAV,110.0,110.0,0.0,0.0,CT,DM3,null,null,null,2022-03-14 00:00:00,2021-06-21 07:00:02,2021-06-21 00:00:00,2021-06-23 11:07:42,2021-06-23 03:07:42,20210803,scale_ferrero,20210623,scale
FERRERO,FERRERO,CD_BTS,CD_BTS,2725,1085036214,6698,Unrestricted-FGAV,77197794,77197794,费列罗榛果威化巧克力15粒心型红色蝴蝶结装,null,null,null,null,null,Unrestricted-FGAV,52.0,52.0,0.0,0.0,CT,DM3,null,null,null,2022-03-15 00:00:00,2021-06-21 07:00:02,2021-06-21 00:00:00,2021-06-23 11:07:42,2021-06-23 03:07:42,20210803,scale_ferrero,20210623,scale
FERRERO,FERRERO,CD_BTS,CD_BTS,2729,1085039601,6702,Unrestricted-FGAV,77209876,77209876,健达缤纷乐白巧克力6条装,null,null,null,null,null,Unrestricted-FGAV,50.0,50.0,0.0,0.0,CT,DM3,null,null,null,2022-03-08 00:00:00,2021-06-21 08:40:01,2021-06-21 00:00:00,2021-06-23 11:08:37,2021-06-23 03:08:37,20210803,scale_ferrero,20210623,scale
FERRERO,FERRERO,CD_BTS,CD_BTS,2730,1085040413,6707,Unrestricted-FGAV,77198916,77198916,健达夹心牛奶巧克力迷你84克装（丛林世界）,null,null,null,null,null,Unrestricted-FGAV,163.0,163.0,0.0,0.0,CT,DM3,null,null,null,2022-03-15 00:00:00,2021-06-21 09:10:02,2021-06-21 00:00:00,2021-06-23 11:14:38,2021-06-23 03:14:38,20210803,scale_ferrero,20210623,scale
FERRERO,FERRERO,CD_BTS,CD_BTS,2730,1085040413,6703,Unrestricted-FGAV,77216868,77216868,拉斐尔脆雪柔椰蓉扁桃仁糖果酥球红色3粒装,null,null,null,null,null,Unrestricted-FGAV,321.0,321.0,0.0,0.0,CT,DM3,null,null,null,2022-03-14 00:00:00,2021-06-21 09:10:02,2021-06-21 00:00:00,2021-06-23 11:14:38,2021-06-23 03:14:38,20210803,scale_ferrero,20210623,scale
FERRERO,FERRERO,CD_BTS,CD_BTS,2730,1085040413,6705,Unrestricted-FGAV,77216870,77216870,拉斐尔脆雪柔椰蓉扁桃仁糖果酥球红色15粒装,null,null,null,null,null,Unrestricted-FGAV,119.0,119.0,0.0,0.0,CT,DM3,null,null,null,2022-03-15 00:00:00,2021-06-21 09:10:02,2021-06-21 00:00:00,2021-06-23 11:14:38,2021-06-23 03:14:38,20210803,scale_ferrero,20210623,scale
FERRERO,FERRERO,CD_BTS,CD_BTS,2730,1085040413,6704,Unrestricted-FGAV,77216871,77216871,拉斐尔脆雪柔椰蓉扁桃仁糖果酥球红色30粒铁盒装,null,null,null,null,null,Unrestricted-FGAV,65.0,65.0,0.0,0.0,CT,DM3,null,null,null,2022-03-14 00:00:00,2021-06-21 09:10:02,2021-06-21 00:00:00,2021-06-23 11:14:38,2021-06-23 03:14:38,20210803,scale_ferrero,20210623,scale
FERRERO,FERRERO,CD_BTS,CD_BTS,2730,1085040413,6706,Unrestricted-FGAV,77216870,77216870,拉斐尔脆雪柔椰蓉扁桃仁糖果酥球红色15粒装,null,null,null,null,null,Unrestricted-FGAV,120.0,120.0,0.0,0.0,CT,DM3,null,null,null,2022-03-16 00:00:00,2021-06-21 09:10:02,2021-06-21 00:00:00,2021-06-23 11:14:38,2021-06-23 03:14:38,20210803,scale_ferrero,20210623,scale
FERRERO,FERRERO,CD_BTS,CD_BTS,2731,1085040119,6708,Blocked-BIOL,77198535,77198535,健达夹心牛奶巧克力4条装,null,null,null,null,null,Blocked-BIOL,297.0,297.0,0.0,0.0,CT,DM3,null,null,null,2022-03-15 00:00:00,2021-06-21 09:50:01,2021-06-21 00:00:00,2021-06-24 13:55:25,2021-06-24 05:55:25,20210803,scale_ferrero,20210624,scale
FERRERO,FERRERO,CD_BTS,CD_BTS,2731,1085040119,6709,Blocked-BIOL,77198535,77198535,健达夹心牛奶巧克力4条装,null,null,null,null,null,Blocked-BIOL,596.0,596.0,0.0,0.0,CT,DM3,null,null,null,2022-03-16 00:00:00,2021-06-21 09:50:01,2021-06-21 00:00:00,2021-06-24 13:55:25,2021-06-24 05:55:25,20210803,scale_ferrero,20210624,scale
FERRERO,FERRERO,CD_BTS,CD_BTS,2731,1085040119,6710,Blocked-BIOL,77198536,77198536,健达夹心牛奶巧克力8条装,null,null,null,null,null,Blocked-BIOL,806.0,806.0,0.0,0.0,CT,DM3,null,null,null,2022-03-16 00:00:00,2021-06-21 09:50:01,2021-06-21 00:00:00,2021-06-24 13:55:25,2021-06-24 05:55:25,20210803,scale_ferrero,20210624,scale
FERRERO,FERRERO,CD_BTS,CD_BTS,2731,1085040119,6711,Blocked-BIOL,77198537,77198537,健达夹心牛奶巧克力20条装,null,null,null,null,null,Blocked-BIOL,69.0,69.0,0.0,0.0,CT,DM3,null,null,null,2022-03-15 00:00:00,2021-06-21 09:50:01,2021-06-21 00:00:00,2021-06-24 13:55:25,2021-06-24 05:55:25,20210803,scale_ferrero,20210624,scale
FERRERO,FERRERO,CD_BTS,CD_BTS,2733,1085124498,6715,Unrestricted-FGAV,77198531,77198531,健达快乐河马可可味T5x10x4,null,null,null,null,null,Unrestricted-FGAV,31.0,31.0,0.0,0.0,CT,DM3,null,null,null,2022-04-15 00:00:00,2021-06-24 02:10:01,2021-06-24 00:00:00,2021-06-25 14:50:53,2021-06-25 06:50:53,20210803,scale_ferrero,20210625,scale
FERRERO,FERRERO,CD_BTS,CD_BTS,2732,1085125785,6713,Unrestricted-FGAV,77202107,77202107,费列罗榛果威化巧克力3粒装,null,null,null,null,null,Unrestricted-FGAV,1080.0,1080.0,0.0,0.0,CT,DM3,null,null,null,2022-03-15 00:00:00,2021-06-24 02:10:00,2021-06-24 00:00:00,2021-06-25 14:59:17,2021-06-25 06:59:17,20210803,scale_ferrero,20210625,scale
FERRERO,FERRERO,CD_BTS,CD_BTS,2732,1085125785,6714,Unrestricted-FGAV,77202109,77202109,费列罗榛果威化巧克力8粒心型装,null,null,null,null,null,Unrestricted-FGAV,531.0,531.0,0.0,0.0,CT,DM3,null,null,null,2022-03-15 00:00:00,2021-06-24 02:10:00,2021-06-24 00:00:00,2021-06-25 14:59:17,2021-06-25 06:59:17,20210803,scale_ferrero,20210625,scale
FERRERO,FERRERO,CD_BTS,CD_BTS,2732,1085125785,6712,Unrestricted-FGAV,77202110,77202110,费列罗榛果威化巧克力24粒钻石装,null,null,null,null,null,Unrestricted-FGAV,163.0,163.0,0.0,0.0,CT,DM3,null,null,null,2022-03-16 00:00:00,2021-06-24 02:10:00,2021-06-24 00:00:00,2021-06-25 14:59:17,2021-06-25 06:59:17,20210803,scale_ferrero,20210625,scale
FERRERO,FERRERO,CD_BTS,CD_BTS,2734,1085161365,6720,Unrestricted-FGAV,77216868,77216868,拉斐尔脆雪柔椰蓉扁桃仁糖果酥球红色3粒装,null,null,null,null,null,Unrestricted-FGAV,74.0,74.0,0.0,0.0,CT,DM3,null,null,null,2022-03-21 00:00:00,2021-06-25 11:00:02,2021-06-25 00:00:00,2021-06-27 12:15:36,2021-06-27 04:15:36,20210803,scale_ferrero,20210627,scale
FERRERO,FERRERO,CD_BTS,CD_BTS,2734,1085161365,6716,Unrestricted-FGAV,77216870,77216870,拉斐尔脆雪柔椰蓉扁桃仁糖果酥球红色15粒装,null,null,null,null,null,Unrestricted-FGAV,98.0,98.0,0.0,0.0,CT,DM3,null,null,null,2022-03-19 00:00:00,2021-06-25 11:00:02,2021-06-25 00:00:00,2021-06-27 12:15:36,2021-06-27 04:15:36,20210803,scale_ferrero,20210627,scale
FERRERO,FERRERO,CD_BTS,CD_BTS,2734,1085161365,6717,Unrestricted-FGAV,77198916,77198916,健达夹心牛奶巧克力迷你84克装（丛林世界）,null,null,null,null,null,Unrestricted-FGAV,20.0,20.0,0.0,0.0,CT,DM3,null,null,null,2022-03-15 00:00:00,2021-06-25 11:00:02,2021-06-25 00:00:00,2021-06-27 12:15:36,2021-06-27 04:15:36,20210803,scale_ferrero,20210627,scale
FERRERO,FERRERO,CD_BTS,CD_BTS,2734,1085161365,6718,Unrestricted-FGAV,77216869,77216869,拉斐尔脆雪柔椰蓉扁桃仁糖果酥球红色10粒心型装,null,null,null,null,null,Unrestricted-FGAV,122.0,122.0,0.0,0.0,CT,DM3,null,null,null,2022-03-20 00:00:00,2021-06-25 11:00:02,2021-06-25 00:00:00,2021-06-27 12:15:36,2021-06-27 04:15:36,20210803,scale_ferrero,20210627,scale
FERRERO,FERRERO,CD_BTS,CD_BTS,2734,1085161365,6719,Unrestricted-FGAV,77216868,77216868,拉斐尔脆雪柔椰蓉扁桃仁糖果酥球红色3粒装,null,null,null,null,null,Unrestricted-FGAV,17.0,17.0,0.0,0.0,CT,DM3,null,null,null,2022-03-20 00:00:00,2021-06-25 11:00:02,2021-06-25 00:00:00,2021-06-27 12:15:36,2021-06-27 04:15:36,20210803,scale_ferrero,20210627,scale
FERRERO,FERRERO,CD_BTS,CD_BTS,2736,1085187568,6722,Unrestricted-FGAV,77197794,77197794,费列罗榛果威化巧克力15粒心型红色蝴蝶结装,null,null,null,null,null,Unrestricted-FGAV,491.0,491.0,0.0,0.0,CT,DM3,null,null,null,2022-03-15 00:00:00,2021-06-26 10:30:01,2021-06-26 00:00:00,2021-06-27 12:23:53,2021-06-27 04:23:53,20210803,scale_ferrero,20210627,scale
FERRERO,FERRERO,CD_BTS,CD_BTS,2736,1085187568,6723,Unrestricted-FGAV,77202106,77202106,费列罗榛果威化巧克力32粒钻石装,null,null,null,null,null,Unrestricted-FGAV,232.0,232.0,0.0,0.0,CT,DM3,null,null,null,2022-03-15 00:00:00,2021-06-26 10:30:01,2021-06-26 00:00:00,2021-06-27 12:23:53,2021-06-27 04:23:53,20210803,scale_ferrero,20210627,scale
FERRERO,FERRERO,CD_BTS,CD_BTS,2736,1085187568,6724,Unrestricted-FGAV,77202132,77202132,费列罗榛果威化巧克力30粒装,null,null,null,null,null,Unrestricted-FGAV,21.0,21.0,0.0,0.0,CT,DM3,null,null,null,2022-03-20 00:00:00,2021-06-26 10:30:01,2021-06-26 00:00:00,2021-06-27 12:23:53,2021-06-27 04:23:53,20210803,scale_ferrero,20210627,scale
FERRERO,FERRERO,CD_BTS,CD_BTS,2736,1085187568,6725,Unrestricted-FGAV,77202107,77202107,费列罗榛果威化巧克力3粒装,null,null,null,null,null,Unrestricted-FGAV,680.0,680.0,0.0,0.0,CT,DM3,null,null,null,2022-03-21 00:00:00,2021-06-26 10:30:01,2021-06-26 00:00:00,2021-06-27 12:23:53,2021-06-27 04:23:53,20210803,scale_ferrero,20210627,scale
FERRERO,FERRERO,CD_BTS,CD_BTS,2735,1085184106,6721,Unrestricted-FGAV,77202108,77202108,费列罗榛果威化巧克力16粒装,null,null,null,null,null,Unrestricted-FGAV,563.0,563.0,0.0,0.0,CT,DM3,null,null,null,2022-03-20 00:00:00,2021-06-26 07:20:01,2021-06-26 00:00:00,2021-06-28 15:40:32,2021-06-28 07:40:32,20210803,scale_ferrero,20210628,scale