dwd_wh_dsc_outbound_line_dtl_di.wms_company_id,dwd_wh_dsc_outbound_line_dtl_di.wms_company_name,dwd_wh_dsc_outbound_line_dtl_di.wms_warehouse_id,dwd_wh_dsc_outbound_line_dtl_di.wms_warehouse_name,dwd_wh_dsc_outbound_line_dtl_di.sku_code,dwd_wh_dsc_outbound_line_dtl_di.sku_name,dwd_wh_dsc_outbound_line_dtl_di.sku_desc,dwd_wh_dsc_outbound_line_dtl_di.sku_barcode,dwd_wh_dsc_outbound_line_dtl_di.batch_number,dwd_wh_dsc_outbound_line_dtl_di.serial_number,dwd_wh_dsc_outbound_line_dtl_di.vendor_sku_barcode,dwd_wh_dsc_outbound_line_dtl_di.order_id,dwd_wh_dsc_outbound_line_dtl_di.order_line,dwd_wh_dsc_outbound_line_dtl_di.order_status,dwd_wh_dsc_outbound_line_dtl_di.order_type,dwd_wh_dsc_outbound_line_dtl_di.launch_number,dwd_wh_dsc_outbound_line_dtl_di.pick_no,dwd_wh_dsc_outbound_line_dtl_di.pick_create_date,dwd_wh_dsc_outbound_line_dtl_di.required_ship_date,dwd_wh_dsc_outbound_line_dtl_di.inventory_status,dwd_wh_dsc_outbound_line_dtl_di.original_order_qty,dwd_wh_dsc_outbound_line_dtl_di.allocated_qty,dwd_wh_dsc_outbound_line_dtl_di.shipped_qty,dwd_wh_dsc_outbound_line_dtl_di.shipped_volume,dwd_wh_dsc_outbound_line_dtl_di.shipped_weight,dwd_wh_dsc_outbound_line_dtl_di.quantity_um,dwd_wh_dsc_outbound_line_dtl_di.volume_um,dwd_wh_dsc_outbound_line_dtl_di.weight_um,dwd_wh_dsc_outbound_line_dtl_di.std_shipped_volume,dwd_wh_dsc_outbound_line_dtl_di.std_shipped_weight,dwd_wh_dsc_outbound_line_dtl_di.priority,dwd_wh_dsc_outbound_line_dtl_di.closed_date,dwd_wh_dsc_outbound_line_dtl_di.create_date,dwd_wh_dsc_outbound_line_dtl_di.last_modified_date,dwd_wh_dsc_outbound_line_dtl_di.src_inc_day,dwd_wh_dsc_outbound_line_dtl_di.data_source,dwd_wh_dsc_outbound_line_dtl_di.shipment_id,dwd_wh_dsc_outbound_line_dtl_di.inc_day,dwd_wh_dsc_outbound_line_dtl_di.src
Pernod-Wine,Pernod-Wine,JIQ,JIQ,035906,035906,绝对风味伏特加(覆盆莓味),null,null,null,null,42021858,460982,900.0,398DPWH6,152816,null,null,2021-05-31 00:00:00,null,120.0,null,120.0,0.0,867.6,BT,null,KG,null,null,0,2021-06-01 16:22:46,2021-05-28 10:46:01,2021-06-01 08:23:09,20210803,scale_jiq,83294,20210601,scale
Pernod-Wine,Pernod-Wine,JIQ,JIQ,035414,035414,绝对X伏特加风味配制酒 192 X 5CL,null,null,null,null,31956958,461184,900.0,null,152846,null,null,2021-06-01 00:00:00,null,192.0,null,192.0,0.0,2304.0,BT,null,null,null,null,0,2021-06-01 16:22:46,2021-06-01 01:20:02,2021-06-01 08:23:10,20210803,scale_jiq,83319,20210601,scale
Pernod-Wine,Pernod-Wine,JIQ,JIQ,035906,035906,绝对风味伏特加(覆盆莓味),null,null,null,null,42021965,461118,900.0,398DPWH6,152846,null,null,2021-06-02 00:00:00,null,180.0,null,180.0,0.0,1301.4,BT,null,KG,null,null,0,2021-06-02 15:32:11,2021-05-31 09:16:00,2021-06-02 07:32:39,20210803,scale_jiq,83313,20210602,scale
Pernod-Wine,Pernod-Wine,JIQ,JIQ,035906,035906,绝对风味伏特加(覆盆莓味),null,null,null,null,42021798,461119,900.0,398DPWH6,152846,null,null,2021-06-02 00:00:00,null,300.0,null,300.0,0.0,2169.0,BT,null,KG,null,null,0,2021-06-02 15:32:11,2021-05-31 09:46:01,2021-06-02 07:32:40,20210803,scale_jiq,83314,20210602,scale
Pernod-Wine,Pernod-Wine,JIQ,JIQ,013829,013829,皇家礼炮21年苏格兰威士忌-有盒装 6 X 70CL,null,null,null,null,39942620,461504,900.0,TOF,152872,null,null,2021-06-01 00:00:00,null,6.0,null,6.0,197316.0,69.6,BT,null,KG,null,null,0,2021-06-02 10:34:58,2021-06-01 06:16:01,2021-06-02 02:35:29,20210803,scale_jiq,83340,20210602,scale
Pernod-Wine,Pernod-Wine,JIQ,JIQ,011117,011117,芝华士12年苏格兰威士忌-无盒装 6 X 150CL,null,null,null,null,39942620,461505,900.0,TOF,152872,null,null,2021-06-01 00:00:00,null,6.0,null,6.0,163296.0,97.8,BT,null,KG,null,null,0,2021-06-02 10:34:58,2021-06-01 06:16:01,2021-06-02 02:35:29,20210803,scale_jiq,83340,20210602,scale
Pernod-Wine,Pernod-Wine,JIQ,JIQ,009527,009527,马爹利尚选XXO干邑白兰地-有盒装 6 X 70CL,null,null,null,null,39942623,461506,900.0,TOF,152872,null,null,2021-06-01 00:00:00,null,6.0,null,6.0,0.0,117.18,BT,null,KG,null,null,0,2021-06-02 10:34:58,2021-06-01 06:16:01,2021-06-02 02:35:30,20210803,scale_jiq,83341,20210602,scale
Pernod-Wine,Pernod-Wine,JIQ,JIQ,013829,013829,皇家礼炮21年苏格兰威士忌-有盒装 6 X 70CL,null,null,null,null,39942623,461507,900.0,TOF,152872,null,null,2021-06-01 00:00:00,null,6.0,null,6.0,197316.0,69.6,BT,null,KG,null,null,0,2021-06-02 10:34:58,2021-06-01 06:16:01,2021-06-02 02:35:30,20210803,scale_jiq,83341,20210602,scale
Pernod-Wine,Pernod-Wine,JIQ,JIQ,ORB719,ORB719,杰卡斯经典系列霞多丽干白葡萄酒 6 X 75CL,null,null,null,null,39942623,461508,900.0,TOF,152872,null,null,2021-06-01 00:00:00,null,0.0,null,0.0,0.0,0.0,BT,null,KG,null,null,0,2021-06-02 10:34:58,2021-06-01 06:16:01,2021-06-02 02:35:30,20210803,scale_jiq,83341,20210602,scale
Pernod-Wine,Pernod-Wine,JIQ,JIQ,013829,013829,皇家礼炮21年苏格兰威士忌-有盒装 6 X 70CL,null,null,null,null,39942622,461509,900.0,TOF,152872,null,null,2021-06-01 00:00:00,null,6.0,null,6.0,197316.0,69.6,BT,null,KG,null,null,0,2021-06-02 10:34:58,2021-06-01 06:16:01,2021-06-02 02:35:31,20210803,scale_jiq,83342,20210602,scale
Pernod-Wine,Pernod-Wine,JIQ,JIQ,BF1024,BF1024,必富达金酒蒸馏酒-AJ鸡尾酒伴组B1 120 X 5CL,null,null,null,null,39942622,461510,900.0,TOF,152872,null,null,2021-06-01 00:00:00,null,0.0,null,0.0,0.0,0.0,BT,null,KG,null,null,0,2021-06-02 10:34:58,2021-06-01 06:16:01,2021-06-02 02:35:31,20210803,scale_jiq,83342,20210602,scale
Pernod-Wine,Pernod-Wine,JIQ,JIQ,013829,013829,皇家礼炮21年苏格兰威士忌-有盒装 6 X 70CL,null,null,null,null,39942626,461513,900.0,TOF,152872,null,null,2021-06-01 00:00:00,null,6.0,null,6.0,197316.0,69.6,BT,null,KG,null,null,0,2021-06-02 10:34:58,2021-06-01 06:16:01,2021-06-02 02:35:32,20210803,scale_jiq,83343,20210602,scale
Pernod-Wine,Pernod-Wine,JIQ,JIQ,ORF810,ORF810,杰卡斯百寿山巴罗萨谷西拉干红葡萄酒 6 X 75CL,null,null,null,null,39942626,461514,900.0,TOF,152872,null,null,2021-06-01 00:00:00,null,0.0,null,0.0,0.0,0.0,BT,null,KG,null,null,0,2021-06-02 10:34:58,2021-06-01 06:16:01,2021-06-02 02:35:32,20210803,scale_jiq,83343,20210602,scale
Pernod-Wine,Pernod-Wine,JIQ,JIQ,035906,035906,绝对风味伏特加(覆盆莓味) 6 X 70CL,null,null,null,null,39942626,461515,900.0,TOF,152872,null,null,2021-06-01 00:00:00,null,6.0,null,6.0,0.0,43.38,BT,null,KG,null,null,0,2021-06-02 10:34:58,2021-06-01 06:16:01,2021-06-02 02:35:32,20210803,scale_jiq,83343,20210602,scale
Pernod-Wine,Pernod-Wine,JIQ,JIQ,035806,035806,绝对风味伏特加(苹果梨味) 6 X 70CL,null,null,null,null,39942626,461516,900.0,TOF,152872,null,null,2021-06-01 00:00:00,null,6.0,null,6.0,0.0,43.56,BT,null,KG,null,null,0,2021-06-02 10:34:58,2021-06-01 06:16:01,2021-06-02 02:35:32,20210803,scale_jiq,83343,20210602,scale
Pernod-Wine,Pernod-Wine,JIQ,JIQ,005685,005685,马爹利名士干邑白兰地-有盒装 12 X 100CL,null,null,null,null,39942626,461512,900.0,TOF,152872,null,null,2021-06-01 00:00:00,null,0.0,null,0.0,0.0,0.0,BT,null,KG,null,null,0,2021-06-02 10:34:58,2021-06-01 06:16:01,2021-06-02 02:35:32,20210803,scale_jiq,83343,20210602,scale
Pernod-Wine,Pernod-Wine,JIQ,JIQ,005663,005663,马爹利名士干邑白兰地-有盒装 6 X 150CL,null,null,null,null,39942626,461511,900.0,TOF,152872,null,null,2021-06-01 00:00:00,null,0.0,null,0.0,0.0,0.0,BT,null,KG,null,null,0,2021-06-02 10:34:58,2021-06-01 06:16:01,2021-06-02 02:35:32,20210803,scale_jiq,83343,20210602,scale
Pernod-Wine,Pernod-Wine,JIQ,JIQ,005685,005685,马爹利名士干邑白兰地-有盒装 12 X 100CL,null,null,null,null,39942628,461541,900.0,TOF,152872,null,null,2021-06-01 00:00:00,null,0.0,null,0.0,0.0,0.0,BT,null,KG,null,null,0,2021-06-02 10:34:58,2021-06-01 06:31:03,2021-06-02 02:35:33,20210803,scale_jiq,83346,20210602,scale
Pernod-Wine,Pernod-Wine,JIQ,JIQ,035806,035806,绝对风味伏特加(苹果梨味) 6 X 70CL,null,null,null,null,39942628,461544,900.0,TOF,152872,null,null,2021-06-01 00:00:00,null,6.0,null,6.0,0.0,43.56,BT,null,KG,null,null,0,2021-06-02 10:34:58,2021-06-01 06:31:03,2021-06-02 02:35:33,20210803,scale_jiq,83346,20210602,scale
Pernod-Wine,Pernod-Wine,JIQ,JIQ,035906,035906,绝对风味伏特加(覆盆莓味) 6 X 70CL,null,null,null,null,39942628,461543,900.0,TOF,152872,null,null,2021-06-01 00:00:00,null,96.0,null,96.0,0.0,694.08,BT,null,KG,null,null,0,2021-06-02 10:34:58,2021-06-01 06:31:03,2021-06-02 02:35:33,20210803,scale_jiq,83346,20210602,scale
Pernod-Wine,Pernod-Wine,JIQ,JIQ,035506,035506,绝对风味伏特加(柑橘味) 6 X 70CL,null,null,null,null,39942628,461542,900.0,TOF,152872,null,null,2021-06-01 00:00:00,null,6.0,null,6.0,0.0,43.62,BT,null,KG,null,null,0,2021-06-02 10:34:58,2021-06-01 06:31:03,2021-06-02 02:35:33,20210803,scale_jiq,83346,20210602,scale
Pernod-Wine,Pernod-Wine,JIQ,JIQ,036015,036015,绝对伏特加(原味),null,null,null,null,42022028,461615,900.0,398DPWH6,152867,null,null,2021-06-02 00:00:00,null,144.0,null,144.0,3188160.0,2304.0,BT,null,KG,null,null,0,2021-06-02 15:32:11,2021-06-01 07:16:00,2021-06-02 07:32:33,20210803,scale_jiq,83352,20210602,scale
Pernod-Wine,Pernod-Wine,JIQ,JIQ,PJ2221,PJ2221,美丽时光·巴黎艺术经典香槟 12 X 37.5CL,null,null,null,null,39942668,461725,900.0,TOF,152872,null,null,2021-06-01 00:00:00,null,180.0,null,180.0,0.0,2070.0,BT,null,KG,null,null,0,2021-06-02 10:34:59,2021-06-01 07:46:01,2021-06-02 02:35:34,20210803,scale_jiq,83367,20210602,scale
Pernod-Wine,Pernod-Wine,JIQ,JIQ,035906,035906,绝对风味伏特加(覆盆莓味),null,null,null,null,42022051,461727,900.0,398DPWH6,152867,null,null,2021-06-02 00:00:00,null,198.0,null,198.0,0.0,1431.54,BT,null,KG,null,null,0,2021-06-02 15:32:11,2021-06-01 08:16:01,2021-06-02 07:32:34,20210803,scale_jiq,83369,20210602,scale
Pernod-Wine,Pernod-Wine,JIQ,JIQ,035906,035906,绝对风味伏特加(覆盆莓味),null,null,null,null,42022021,461728,900.0,398DPWH6,152867,null,null,2021-06-02 00:00:00,null,600.0,null,600.0,0.0,4338.0,BT,null,KG,null,null,0,2021-06-02 15:32:11,2021-06-01 08:16:01,2021-06-02 07:32:35,20210803,scale_jiq,83370,20210602,scale
Pernod-Wine,Pernod-Wine,JIQ,JIQ,009527,009527,马爹利尚选XXO干邑白兰地-有盒装 6 X 70CL,null,null,null,null,39942634,461729,900.0,TOF,152872,null,null,2021-06-01 00:00:00,null,18.0,null,18.0,0.0,351.54,BT,null,KG,null,null,0,2021-06-02 10:34:58,2021-06-01 08:36:01,2021-06-02 02:35:35,20210803,scale_jiq,83371,20210602,scale
Pernod-Wine,Pernod-Wine,JIQ,JIQ,ORF810,ORF810,杰卡斯百寿山巴罗萨谷西拉干红葡萄酒 6 X 75CL,null,null,null,null,39942634,461730,900.0,TOF,152872,null,null,2021-06-01 00:00:00,null,0.0,null,0.0,0.0,0.0,BT,null,KG,null,null,0,2021-06-02 10:34:58,2021-06-01 08:36:01,2021-06-02 02:35:35,20210803,scale_jiq,83371,20210602,scale
Pernod-Wine,Pernod-Wine,JIQ,JIQ,009527,009527,马爹利尚选XXO干邑白兰地-有盒装 6 X 70CL,null,null,null,null,39942636,461731,900.0,TOF,152872,null,null,2021-06-01 00:00:00,null,6.0,null,6.0,0.0,117.18,BT,null,KG,null,null,0,2021-06-02 15:32:11,2021-06-01 08:41:01,2021-06-02 07:32:37,20210803,scale_jiq,83372,20210602,scale
Pernod-Wine,Pernod-Wine,JIQ,JIQ,AB1816,AB1816,亚伯乐高地单一麦芽苏格兰威士忌18年陈酿 6 X 70CL,null,null,null,null,31956911,461732,900.0,null,152871,null,null,2021-06-01 00:00:00,null,2.0,null,2.0,43541.76,19.2,BT,null,null,null,null,0,2021-06-02 15:32:11,2021-06-01 10:27:18,2021-06-02 07:32:36,20210803,scale_jiq,83373,20210602,scale
Pernod-Wine,Pernod-Wine,JIQ,JIQ,015877,015877,格兰威特单一麦芽苏格兰威士忌50年陈酿温切斯特典藏系列 1 X 75CL,null,null,null,null,39942652,461795,900.0,null,152879,null,null,2021-06-02 00:00:00,null,1.0,null,1.0,0.0,16.3,BT,null,null,null,null,0,2021-06-02 15:32:11,2021-06-02 02:42:10,2021-06-02 07:32:38,20210803,scale_jiq,83382,20210602,scale
Pernod-Wine,Pernod-Wine,JIQ,JIQ,035906,035906,绝对风味伏特加(覆盆莓味),null,null,null,null,42022078,461886,900.0,398DPWH6,152909,null,null,2021-06-03 00:00:00,null,90.0,null,90.0,0.0,650.7,BT,null,KG,null,null,0,2021-06-03 16:43:38,2021-06-02 05:46:00,2021-06-03 08:44:01,20210803,scale_jiq,83389,20210603,scale
Pernod-Wine,Pernod-Wine,JIQ,JIQ,BF0926,BF0926,必富达金酒蒸馏酒 12 X 70CL,null,null,null,null,31956956,461964,900.0,null,152909,null,null,2021-06-02 00:00:00,null,19.0,null,19.0,351120.0,277.4,BT,null,null,null,null,0,2021-06-03 16:43:38,2021-06-02 07:36:29,2021-06-03 08:44:02,20210803,scale_jiq,83398,20210603,scale
Pernod-Wine,Pernod-Wine,JIQ,JIQ,BF0926,BF0926,必富达金酒蒸馏酒 12 X 70CL,null,null,null,null,31956989,461965,900.0,null,152909,null,null,2021-06-02 00:00:00,null,24.0,null,24.0,443520.0,350.4,BT,null,null,null,null,0,2021-06-03 16:43:38,2021-06-02 07:38:48,2021-06-03 08:44:03,20210803,scale_jiq,83399,20210603,scale
Pernod-MOT,Pernod-MOT,JIQ,JIQ,QWI019,QWI019,沃内干红葡萄酒 6 X 75CL,null,null,null,null,39942712,461971,900.0,TOF,152927,null,null,2021-06-02 00:00:00,null,12.0,null,12.0,0.0,0.0,BT,null,null,null,null,0,2021-06-03 14:51:42,2021-06-02 08:46:01,2021-06-03 06:52:20,20210803,scale_jiq,83402,20210603,scale
Pernod-MOT,Pernod-MOT,JIQ,JIQ,QLB004,QLB004,威士忌配制酒 24 X 12.5CL,null,null,null,null,39942712,461976,900.0,TOF,152927,null,null,2021-06-02 00:00:00,null,60.0,null,60.0,0.0,0.0,BT,null,null,null,null,0,2021-06-03 14:51:42,2021-06-02 08:46:01,2021-06-03 06:52:20,20210803,scale_jiq,83402,20210603,scale
Pernod-MOT,Pernod-MOT,JIQ,JIQ,QLB001,QLB001,金酒配制酒 24 X 12.5CL,null,null,null,null,39942712,461973,900.0,TOF,152927,null,null,2021-06-02 00:00:00,null,60.0,null,60.0,0.0,0.0,BT,null,null,null,null,0,2021-06-03 14:51:42,2021-06-02 08:46:01,2021-06-03 06:52:20,20210803,scale_jiq,83402,20210603,scale
Pernod-MOT,Pernod-MOT,JIQ,JIQ,QLB002,QLB002,朗姆配制酒 24 X 12.5CL,null,null,null,null,39942712,461974,900.0,TOF,152927,null,null,2021-06-02 00:00:00,null,60.0,null,60.0,0.0,0.0,BT,null,null,null,null,0,2021-06-03 14:51:42,2021-06-02 08:46:01,2021-06-03 06:52:20,20210803,scale_jiq,83402,20210603,scale
Pernod-MOT,Pernod-MOT,JIQ,JIQ,QLB003,QLB003,伏特加配制酒 24 X 12.5CL,null,null,null,null,39942712,461975,900.0,TOF,152927,null,null,2021-06-02 00:00:00,null,60.0,null,60.0,0.0,0.0,BT,null,null,null,null,0,2021-06-03 14:51:42,2021-06-02 08:46:01,2021-06-03 06:52:20,20210803,scale_jiq,83402,20210603,scale
Pernod-MOT,Pernod-MOT,JIQ,JIQ,QWI009,QWI009,马尔赛奈鹧鸪园干白葡萄酒 6 X 75CL,null,null,null,null,39942712,461972,900.0,TOF,152927,null,null,2021-06-02 00:00:00,null,6.0,null,6.0,0.0,0.0,BT,null,null,null,null,0,2021-06-03 14:51:42,2021-06-02 08:46:01,2021-06-03 06:52:20,20210803,scale_jiq,83402,20210603,scale
Pernod-MOT,Pernod-MOT,JIQ,JIQ,QLB005,QLB005,龙舌兰配制酒 24 X 12.5CL,null,null,null,null,39942712,461977,900.0,TOF,152927,null,null,2021-06-02 00:00:00,null,60.0,null,60.0,0.0,0.0,BT,null,null,null,null,0,2021-06-03 14:51:42,2021-06-02 08:46:01,2021-06-03 06:52:20,20210803,scale_jiq,83402,20210603,scale
Pernod-Wine,Pernod-Wine,JIQ,JIQ,SNB120,SNB120,丽石庄园长相思白葡萄酒 6 X 75CL,null,null,null,null,39942710,461978,900.0,TOF,152926,null,null,2021-06-02 00:00:00,null,12.0,null,12.0,0.0,86.4,BT,null,KG,null,null,0,2021-06-03 14:51:42,2021-06-02 08:46:02,2021-06-03 06:52:18,20210803,scale_jiq,83403,20210603,scale
Pernod-Wine,Pernod-Wine,JIQ,JIQ,BT1910,BT1910,百龄坛特醇苏格兰威士忌-李宁塑封,null,null,null,null,42022125,461986,900.0,398DPWH6,152922,null,null,2021-06-03 00:00:00,null,960.0,null,960.0,0.0,0.0,BT,null,null,null,null,0,2021-06-03 16:43:38,2021-06-02 09:16:03,2021-06-03 08:44:04,20210803,scale_jiq,83406,20210603,scale
Pernod-Wine,Pernod-Wine,JIQ,JIQ,BF0926,BF0926,必富达金酒蒸馏酒 12 X 70CL,null,null,null,null,39942738,461990,900.0,TOF,152926,null,null,2021-06-03 00:00:00,null,120.0,null,120.0,2217600.0,1752.0,BT,null,KG,null,null,0,2021-06-03 14:51:42,2021-06-03 01:46:00,2021-06-03 06:52:19,20210803,scale_jiq,83410,20210603,scale
Pernod-Wine,Pernod-Wine,JIQ,JIQ,SNB120,SNB120,丽石庄园长相思白葡萄酒 6 X 75CL,null,null,null,null,31956988,461991,900.0,null,152925,null,null,2021-06-03 00:00:00,null,60.0,null,60.0,0.0,432.0,BT,null,null,null,null,0,2021-06-03 16:43:38,2021-06-03 02:07:23,2021-06-03 08:44:05,20210803,scale_jiq,83411,20210603,scale
Pernod-Wine,Pernod-Wine,JIQ,JIQ,OSO200,OSO200,杰卡斯莫斯卡托桃红起泡葡萄酒 6 X 75CL,null,null,null,null,39942750,462079,900.0,TOF,152937,null,null,2021-06-03 00:00:00,null,360.0,null,360.0,5323500.0,3240.0,BT,null,KG,null,null,0,2021-06-03 14:51:42,2021-06-03 06:16:01,2021-06-03 06:52:21,20210803,scale_jiq,83417,20210603,scale
Pernod-Wine,Pernod-Wine,JIQ,JIQ,OSO200,OSO200,杰卡斯莫斯卡托桃红起泡葡萄酒 6 X 75CL,null,null,null,null,39942748,462080,900.0,TOF,152937,null,null,2021-06-03 00:00:00,null,216.0,null,216.0,3194100.0,1944.0,BT,null,KG,null,null,0,2021-06-03 14:51:42,2021-06-03 06:16:01,2021-06-03 06:52:21,20210803,scale_jiq,83418,20210603,scale
Pernod-Wine,Pernod-Wine,JIQ,JIQ,OSO200,OSO200,杰卡斯莫斯卡托桃红起泡葡萄酒 6 X 75CL,null,null,null,null,39942752,462081,900.0,TOF,152937,null,null,2021-06-03 00:00:00,null,120.0,null,120.0,1774500.0,1080.0,BT,null,KG,null,null,0,2021-06-03 14:51:42,2021-06-03 06:16:02,2021-06-03 06:52:22,20210803,scale_jiq,83419,20210603,scale
Pernod-Wine,Pernod-Wine,JIQ,JIQ,OSO200,OSO200,杰卡斯莫斯卡托桃红起泡葡萄酒 6 X 75CL,null,null,null,null,39942754,462082,900.0,TOF,152937,null,null,2021-06-03 00:00:00,null,402.0,null,402.0,5944575.0,3618.0,BT,null,KG,null,null,0,2021-06-03 14:51:42,2021-06-03 06:16:02,2021-06-03 06:52:23,20210803,scale_jiq,83420,20210603,scale
Pernod-Wine,Pernod-Wine,JIQ,JIQ,OSO200,OSO200,杰卡斯莫斯卡托桃红起泡葡萄酒 6 X 75CL,null,null,null,null,39942756,462083,900.0,TOF,152937,null,null,2021-06-03 00:00:00,null,270.0,null,270.0,3992625.0,2430.0,BT,null,KG,null,null,0,2021-06-03 14:51:42,2021-06-03 06:16:02,2021-06-03 06:52:24,20210803,scale_jiq,83421,20210603,scale
Pernod-Wine,Pernod-Wine,JIQ,JIQ,OSO200,OSO200,杰卡斯莫斯卡托桃红起泡葡萄酒 6 X 75CL,null,null,null,null,39942758,462084,900.0,TOF,152937,null,null,2021-06-03 00:00:00,null,264.0,null,264.0,3903900.0,2376.0,BT,null,KG,null,null,0,2021-06-03 14:51:42,2021-06-03 06:16:02,2021-06-03 06:52:25,20210803,scale_jiq,83422,20210603,scale
Pernod-Wine,Pernod-Wine,JIQ,JIQ,015237,015237,格兰威特单一麦芽苏格兰威士忌18年欧洲橡木桶陈酿 6 X 70CL,null,null,null,null,39942763,462087,900.0,TOF,152937,null,null,2021-06-03 00:00:00,null,48.0,null,48.0,983040.0,523.2,BT,null,KG,null,null,0,2021-06-03 14:51:42,2021-06-03 06:16:02,2021-06-03 06:52:26,20210803,scale_jiq,83423,20210603,scale
Pernod-Wine,Pernod-Wine,JIQ,JIQ,BF0926,BF0926,必富达金酒蒸馏酒 12 X 70CL,null,null,null,null,39942763,462085,900.0,TOF,152937,null,null,2021-06-03 00:00:00,null,48.0,null,48.0,887040.0,700.8,BT,null,KG,null,null,0,2021-06-03 14:51:42,2021-06-03 06:16:02,2021-06-03 06:52:26,20210803,scale_jiq,83423,20210603,scale
Pernod-Wine,Pernod-Wine,JIQ,JIQ,OSO200,OSO200,杰卡斯莫斯卡托桃红起泡葡萄酒 6 X 75CL,null,null,null,null,39942763,462086,900.0,TOF,152937,null,null,2021-06-03 00:00:00,null,540.0,null,540.0,7985250.0,4860.0,BT,null,KG,null,null,0,2021-06-03 14:51:42,2021-06-03 06:16:02,2021-06-03 06:52:26,20210803,scale_jiq,83423,20210603,scale
Pernod-Wine,Pernod-Wine,JIQ,JIQ,OSO200,OSO200,杰卡斯莫斯卡托桃红起泡葡萄酒 6 X 75CL,null,null,null,null,39942746,462088,900.0,TOF,152937,null,null,2021-06-03 00:00:00,null,516.0,null,516.0,7630350.0,4644.0,BT,null,KG,null,null,0,2021-06-03 14:51:42,2021-06-03 06:16:02,2021-06-03 06:52:27,20210803,scale_jiq,83424,20210603,scale
Pernod-Wine,Pernod-Wine,JIQ,JIQ,OSO200,OSO200,杰卡斯莫斯卡托桃红起泡葡萄酒 6 X 75CL,null,null,null,null,39942768,462173,900.0,TOF,152944,null,null,2021-06-03 00:00:00,null,600.0,null,600.0,8872500.0,5400.0,BT,null,KG,null,null,0,2021-06-03 16:37:08,2021-06-03 08:31:03,2021-06-03 08:38:08,20210803,scale_jiq,83433,20210603,scale
Pernod-Wine,Pernod-Wine,JIQ,JIQ,012946,012946,芝华士12年苏格兰威士忌-有盒装,null,null,null,null,42022080,461989,900.0,398DPWH6,152928,null,null,2021-06-04 00:00:00,null,480.0,null,480.0,0.0,7680.0,BT,null,KG,null,null,0,2021-06-04 16:26:51,2021-06-02 11:16:01,2021-06-04 08:27:40,20210803,scale_jiq,83409,20210604,scale
Pernod-Wine,Pernod-Wine,JIQ,JIQ,OSO200,OSO200,杰卡斯莫斯卡托桃红起泡葡萄酒,null,null,null,null,42022153,461992,900.0,398DPWH6,152938,null,null,2021-06-02 00:00:00,null,300.0,null,300.0,4436250.0,2700.0,BT,null,KG,null,null,0,2021-06-04 16:26:51,2021-06-03 03:46:03,2021-06-04 08:27:39,20210803,scale_jiq,83412,20210604,scale
Pernod-Wine,Pernod-Wine,JIQ,JIQ,OSO200,OSO200,杰卡斯莫斯卡托桃红起泡葡萄酒,null,null,null,null,42022182,462172,900.0,398DPWH6,152943,null,null,2021-06-04 00:00:00,null,300.0,null,300.0,4436250.0,2700.0,BT,null,KG,null,null,0,2021-06-04 16:26:51,2021-06-03 08:16:03,2021-06-04 08:27:41,20210803,scale_jiq,83432,20210604,scale
Pernod-Wine,Pernod-Wine,JIQ,JIQ,JJ0064,JJ0064,尊美醇爱尔兰威士忌-AJ鸡尾酒伴组B1 192 X 5CL,null,null,null,null,39942810,462580,900.0,TOF,152985,null,null,2021-06-07 00:00:00,null,0.0,null,0.0,0.0,0.0,BT,null,KG,null,null,0,2021-06-08 12:46:46,2021-06-07 02:46:02,2021-06-08 04:47:57,20210803,scale_jiq,83472,20210608,scale
Pernod-Wine,Pernod-Wine,JIQ,JIQ,ORB719,ORB719,杰卡斯经典系列霞多丽干白葡萄酒 6 X 75CL,null,null,null,null,39942810,462581,900.0,TOF,152985,null,null,2021-06-07 00:00:00,null,0.0,null,0.0,0.0,0.0,BT,null,KG,null,null,0,2021-06-08 12:46:46,2021-06-07 02:46:02,2021-06-08 04:47:57,20210803,scale_jiq,83472,20210608,scale
Pernod-Wine,Pernod-Wine,JIQ,JIQ,BF0926,BF0926,必富达金酒蒸馏酒 12 X 70CL,null,null,null,null,39942810,462582,900.0,TOF,152985,null,null,2021-06-07 00:00:00,null,24.0,null,24.0,443520.0,350.4,BT,null,KG,null,null,0,2021-06-08 12:46:46,2021-06-07 02:46:02,2021-06-08 04:47:57,20210803,scale_jiq,83472,20210608,scale
Pernod-Wine,Pernod-Wine,JIQ,JIQ,009527,009527,马爹利尚选XXO干邑白兰地-有盒装 6 X 70CL,null,null,null,null,39942810,462579,900.0,TOF,152985,null,null,2021-06-07 00:00:00,null,6.0,null,6.0,0.0,117.18,BT,null,KG,null,null,0,2021-06-08 12:46:46,2021-06-07 02:46:02,2021-06-08 04:47:57,20210803,scale_jiq,83472,20210608,scale
Pernod-Wine,Pernod-Wine,JIQ,JIQ,PJ2221,PJ2221,美丽时光·巴黎艺术经典香槟 12 X 37.5CL,null,null,null,null,39942810,462583,900.0,TOF,152985,null,null,2021-06-07 00:00:00,null,0.0,null,0.0,0.0,0.0,BT,null,KG,null,null,0,2021-06-08 12:46:46,2021-06-07 02:46:02,2021-06-08 04:47:57,20210803,scale_jiq,83472,20210608,scale
Pernod-Wine,Pernod-Wine,JIQ,JIQ,013829,013829,皇家礼炮21年苏格兰威士忌-有盒装 6 X 70CL,null,null,null,null,39942814,462584,900.0,TOF,152985,null,null,2021-06-07 00:00:00,null,6.0,null,6.0,197316.0,69.6,BT,null,KG,null,null,0,2021-06-08 12:46:46,2021-06-07 02:46:04,2021-06-08 04:47:59,20210803,scale_jiq,83473,20210608,scale
Pernod-Wine,Pernod-Wine,JIQ,JIQ,OSO200,OSO200,杰卡斯莫斯卡托桃红起泡葡萄酒 6 X 75CL,null,null,null,null,39942814,462585,900.0,TOF,152985,null,null,2021-06-07 00:00:00,null,66.0,null,66.0,975975.0,594.0,BT,null,KG,null,null,0,2021-06-08 12:46:46,2021-06-07 02:46:04,2021-06-08 04:47:59,20210803,scale_jiq,83473,20210608,scale
Pernod-Wine,Pernod-Wine,JIQ,JIQ,013829,013829,皇家礼炮21年苏格兰威士忌-有盒装 6 X 70CL,null,null,null,null,39942812,462586,900.0,TOF,152985,null,null,2021-06-07 00:00:00,null,6.0,null,6.0,197316.0,69.6,BT,null,KG,null,null,0,2021-06-08 12:46:46,2021-06-07 02:46:04,2021-06-08 04:48:00,20210803,scale_jiq,83474,20210608,scale
Pernod-Wine,Pernod-Wine,JIQ,JIQ,BF0926,BF0926,必富达金酒蒸馏酒 12 X 70CL,null,null,null,null,39942812,462588,900.0,TOF,152985,null,null,2021-06-07 00:00:00,null,12.0,null,12.0,221760.0,175.2,BT,null,KG,null,null,0,2021-06-08 12:46:46,2021-06-07 02:46:04,2021-06-08 04:48:00,20210803,scale_jiq,83474,20210608,scale
Pernod-Wine,Pernod-Wine,JIQ,JIQ,OSO200,OSO200,杰卡斯莫斯卡托桃红起泡葡萄酒 6 X 75CL,null,null,null,null,39942812,462587,900.0,TOF,152985,null,null,2021-06-07 00:00:00,null,30.0,null,30.0,443625.0,270.0,BT,null,KG,null,null,0,2021-06-08 12:46:46,2021-06-07 02:46:04,2021-06-08 04:48:00,20210803,scale_jiq,83474,20210608,scale
Pernod-Wine,Pernod-Wine,JIQ,JIQ,BF0926,BF0926,必富达金酒蒸馏酒 12 X 70CL,null,null,null,null,39942818,462590,900.0,TOF,152985,null,null,2021-06-07 00:00:00,null,12.0,null,12.0,221760.0,175.2,BT,null,KG,null,null,0,2021-06-08 12:46:46,2021-06-07 02:46:05,2021-06-08 04:48:01,20210803,scale_jiq,83475,20210608,scale
Pernod-Wine,Pernod-Wine,JIQ,JIQ,OSO200,OSO200,杰卡斯莫斯卡托桃红起泡葡萄酒 6 X 75CL,null,null,null,null,39942818,462589,900.0,TOF,152985,null,null,2021-06-07 00:00:00,null,156.0,null,156.0,2306850.0,1404.0,BT,null,KG,null,null,0,2021-06-08 12:46:46,2021-06-07 02:46:05,2021-06-08 04:48:01,20210803,scale_jiq,83475,20210608,scale
Pernod-Wine,Pernod-Wine,JIQ,JIQ,BF0926,BF0926,必富达金酒蒸馏酒 12 X 70CL,null,null,null,null,39942816,462591,900.0,TOF,152985,null,null,2021-06-07 00:00:00,null,12.0,null,12.0,221760.0,175.2,BT,null,KG,null,null,0,2021-06-08 12:46:46,2021-06-07 02:46:05,2021-06-08 04:48:02,20210803,scale_jiq,83476,20210608,scale
Pernod-Wine,Pernod-Wine,JIQ,JIQ,OSO200,OSO200,杰卡斯莫斯卡托桃红起泡葡萄酒 6 X 75CL,null,null,null,null,39942796,462592,900.0,TOF,152985,null,null,2021-06-07 00:00:00,null,48.0,null,48.0,709800.0,432.0,BT,null,KG,null,null,0,2021-06-08 12:46:46,2021-06-07 02:46:05,2021-06-08 04:48:03,20210803,scale_jiq,83477,20210608,scale
Pernod-Wine,Pernod-Wine,JIQ,JIQ,BF0926,BF0926,必富达金酒蒸馏酒 12 X 70CL,null,null,null,null,39942796,462593,900.0,TOF,152985,null,null,2021-06-07 00:00:00,null,12.0,null,12.0,221760.0,175.2,BT,null,KG,null,null,0,2021-06-08 12:46:46,2021-06-07 02:46:05,2021-06-08 04:48:03,20210803,scale_jiq,83477,20210608,scale
Pernod-Wine,Pernod-Wine,JIQ,JIQ,011014,011014,芝华士12年苏格兰威士忌 120 X 5CL,null,null,null,null,39942807,462594,900.0,TOF,152985,null,null,2021-06-07 00:00:00,null,0.0,null,0.0,0.0,0.0,BT,null,KG,null,null,0,2021-06-08 12:46:46,2021-06-07 02:46:05,2021-06-08 04:47:58,20210803,scale_jiq,83478,20210608,scale
Pernod-Wine,Pernod-Wine,JIQ,JIQ,OSO200,OSO200,杰卡斯莫斯卡托桃红起泡葡萄酒 6 X 75CL,null,null,null,null,39942807,462595,900.0,TOF,152985,null,null,2021-06-07 00:00:00,null,48.0,null,48.0,709800.0,432.0,BT,null,KG,null,null,0,2021-06-08 12:46:46,2021-06-07 02:46:05,2021-06-08 04:47:58,20210803,scale_jiq,83478,20210608,scale
Pernod-Wine,Pernod-Wine,JIQ,JIQ,BF0926,BF0926,必富达金酒蒸馏酒 12 X 70CL,null,null,null,null,39942807,462596,900.0,TOF,152985,null,null,2021-06-07 00:00:00,null,24.0,null,24.0,443520.0,350.4,BT,null,KG,null,null,0,2021-06-08 12:46:46,2021-06-07 02:46:05,2021-06-08 04:47:58,20210803,scale_jiq,83478,20210608,scale
Pernod-Wine,Pernod-Wine,JIQ,JIQ,OSO200,OSO200,杰卡斯莫斯卡托桃红起泡葡萄酒 6 X 75CL,null,null,null,null,39942800,462597,900.0,TOF,152985,null,null,2021-06-07 00:00:00,null,30.0,null,30.0,443625.0,270.0,BT,null,KG,null,null,0,2021-06-08 12:46:46,2021-06-07 02:46:05,2021-06-08 04:48:04,20210803,scale_jiq,83479,20210608,scale
Pernod-Wine,Pernod-Wine,JIQ,JIQ,BF0926,BF0926,必富达金酒蒸馏酒 12 X 70CL,null,null,null,null,39942800,462598,900.0,TOF,152985,null,null,2021-06-07 00:00:00,null,36.0,null,36.0,665280.0,525.6,BT,null,KG,null,null,0,2021-06-08 12:46:46,2021-06-07 02:46:05,2021-06-08 04:48:04,20210803,scale_jiq,83479,20210608,scale
Pernod-Wine,Pernod-Wine,JIQ,JIQ,MX0002,MX0002,格兰威特单一麦芽威士忌基础款及单瓶发光底座组合,null,null,null,null,42021956,462174,900.0,398DPWH6,152964,null,null,2021-06-07 00:00:00,null,30.0,null,30.0,0.0,150.0,BT,null,KG,null,null,0,2021-06-09 14:25:38,2021-06-03 11:16:01,2021-06-09 06:26:20,20210803,scale_jiq,83434,20210609,scale
Pernod-Wine,Pernod-Wine,JIQ,JIQ,036015,036015,绝对伏特加(原味),null,null,null,null,42022100,462215,900.0,398DPWH6,152964,null,null,2021-06-07 00:00:00,null,720.0,null,720.0,1.59408E7,11520.0,BT,null,KG,null,null,0,2021-06-09 14:25:37,2021-06-04 04:01:01,2021-06-09 06:26:21,20210803,scale_jiq,83438,20210609,scale
Pernod-Wine,Pernod-Wine,JIQ,JIQ,BT1910,BT1910,百龄坛特醇苏格兰威士忌-李宁塑封,null,null,null,null,42022100,462216,900.0,398DPWH6,152964,null,null,2021-06-07 00:00:00,null,1200.0,null,1200.0,0.0,0.0,BT,null,null,null,null,0,2021-06-09 14:25:37,2021-06-04 04:01:01,2021-06-09 06:26:21,20210803,scale_jiq,83438,20210609,scale
Pernod-Wine,Pernod-Wine,JIQ,JIQ,OSO200,OSO200,杰卡斯莫斯卡托桃红起泡葡萄酒,null,null,null,null,42022194,462395,900.0,398DPWH6,152964,null,null,2021-06-07 00:00:00,null,600.0,null,600.0,8872500.0,5400.0,BT,null,KG,null,null,0,2021-06-09 14:25:38,2021-06-04 10:46:01,2021-06-09 06:26:22,20210803,scale_jiq,83455,20210609,scale
Pernod-Wine,Pernod-Wine,JIQ,JIQ,035537,035537,绝对风味伏特加(柑橘味) 12 X 70CL,null,null,null,null,31957032,462396,900.0,null,152964,null,null,2021-06-05 00:00:00,null,12.0,null,12.0,254016.0,172.92,BT,null,null,null,null,0,2021-06-09 14:25:37,2021-06-05 01:58:24,2021-06-09 06:26:23,20210803,scale_jiq,83456,20210609,scale
Pernod-Wine,Pernod-Wine,JIQ,JIQ,BF0926,BF0926,必富达金酒蒸馏酒 12 X 70CL,null,null,null,null,42021357,462564,900.0,null,152976,null,null,2021-06-07 00:00:00,null,120.0,null,120.0,2217600.0,1752.0,BT,null,null,null,null,0,2021-06-09 14:25:38,2021-06-07 01:39:37,2021-06-09 06:26:24,20210803,scale_jiq,83469,20210609,scale
Pernod-Wine,Pernod-Wine,JIQ,JIQ,BF0926,BF0926,必富达金酒蒸馏酒 12 X 70CL,null,null,null,null,31957034,462577,900.0,null,152976,null,null,2021-06-07 00:00:00,null,10.0,null,10.0,184800.0,146.0,BT,null,null,null,null,0,2021-06-09 14:25:38,2021-06-07 02:21:30,2021-06-09 06:26:25,20210803,scale_jiq,83470,20210609,scale
Pernod-Wine,Pernod-Wine,JIQ,JIQ,009527,009527,马爹利尚选XXO干邑白兰地-有盒装 6 X 70CL,null,null,null,null,31957078,462578,900.0,null,152976,null,null,2021-06-07 00:00:00,null,24.0,null,24.0,0.0,468.72,BT,null,null,null,null,0,2021-06-09 14:25:38,2021-06-07 02:24:14,2021-06-09 06:26:26,20210803,scale_jiq,83471,20210609,scale
Pernod-Wine,Pernod-Wine,JIQ,JIQ,OSO200,OSO200,杰卡斯莫斯卡托桃红起泡葡萄酒,null,null,null,null,42022195,462612,900.0,398DPWH6,152985,null,null,2021-06-08 00:00:00,null,600.0,null,600.0,8872500.0,5400.0,BT,null,KG,null,null,0,2021-06-09 14:25:37,2021-06-07 03:46:01,2021-06-09 06:26:27,20210803,scale_jiq,83482,20210609,scale
Pernod-Wine,Pernod-Wine,JIQ,JIQ,OSO200,OSO200,杰卡斯莫斯卡托桃红起泡葡萄酒,null,null,null,null,42022198,462613,900.0,398DPWH6,152985,null,null,2021-06-08 00:00:00,null,1200.0,null,1200.0,1.7745E7,10800.0,BT,null,KG,null,null,0,2021-06-09 14:25:38,2021-06-07 03:46:01,2021-06-09 06:26:28,20210803,scale_jiq,83483,20210609,scale
Pernod-Wine,Pernod-Wine,JIQ,JIQ,GLK106,GLK106,格兰凯斯苏格兰斯佩塞单一麦芽威士忌25年特殊年份款,null,null,null,null,42022324,462962,900.0,398DPWH6,153007,null,null,2021-06-08 00:00:00,null,2.0,null,2.0,0.0,15.4,BT,null,KG,null,null,0,2021-06-09 14:25:38,2021-06-07 07:46:01,2021-06-09 06:26:29,20210803,scale_jiq,83501,20210609,scale
Pernod-Wine,Pernod-Wine,JIQ,JIQ,GLK206,GLK206,格兰凯斯苏格兰斯佩塞单一麦芽威士忌21年特殊年份款,null,null,null,null,42022324,462961,900.0,398DPWH6,153007,null,null,2021-06-08 00:00:00,null,12.0,null,12.0,0.0,92.28,BT,null,KG,null,null,0,2021-06-09 14:25:38,2021-06-07 07:46:01,2021-06-09 06:26:29,20210803,scale_jiq,83501,20210609,scale
Pernod-Wine,Pernod-Wine,JIQ,JIQ,OSO200,OSO200,杰卡斯莫斯卡托桃红起泡葡萄酒,null,null,null,null,42022174,462963,900.0,398DPWH6,153010,null,null,2021-06-08 00:00:00,null,2700.0,null,2700.0,3.992625E7,24300.0,BT,null,KG,null,null,0,2021-06-09 14:25:38,2021-06-07 08:16:01,2021-06-09 06:26:30,20210803,scale_jiq,83502,20210609,scale
Pernod-Wine,Pernod-Wine,JIQ,JIQ,009527,009527,马爹利尚选XXO干邑白兰地-有盒装,null,null,null,null,42022211,462964,900.0,398DPWH6,153010,null,null,2021-06-08 00:00:00,null,60.0,null,60.0,0.0,1171.8,BT,null,KG,null,null,0,2021-06-09 14:25:38,2021-06-07 08:16:01,2021-06-09 06:26:31,20210803,scale_jiq,83503,20210609,scale
Pernod-Wine,Pernod-Wine,JIQ,JIQ,004657,004657,马爹利XO干邑白兰地-有盒装 12 X 70CL,null,null,null,null,31957114,462993,900.0,null,153027,null,null,2021-06-08 00:00:00,null,1.0,null,1.0,42360.5,23.9,BT,null,null,null,null,0,2021-06-09 14:25:37,2021-06-08 02:11:00,2021-06-09 06:26:32,20210803,scale_jiq,83511,20210609,scale
Pernod-Wine,Pernod-Wine,JIQ,JIQ,DBS416,DBS416,传说源自拉菲罗斯柴尔德圣爱美乐红葡萄酒,null,null,null,null,42022277,462997,900.0,398DPWH6,153051,null,null,2021-06-09 00:00:00,null,36.0,null,36.0,0.0,278.64,BT,null,KG,null,null,0,2021-06-09 14:25:38,2021-06-08 02:46:01,2021-06-09 06:26:34,20210803,scale_jiq,83513,20210609,scale
Pernod-Wine,Pernod-Wine,JIQ,JIQ,008327,008327,尚·马爹利干邑白兰地,null,null,null,null,42022450,462998,900.0,398DPWH6,153030,null,null,2021-06-08 00:00:00,null,30.0,null,30.0,0.0,264.0,BT,null,KG,null,null,0,2021-06-09 14:25:38,2021-06-08 02:46:03,2021-06-09 06:26:33,20210803,scale_jiq,83514,20210609,scale
Pernod-DF,Pernod-DF,JIQ,JIQ,XROCGL19042PDN,XROCGL19042PDN,皇家礼炮闻香杯,null,null,null,null,16348966,460725,900.0,null,152766,null,null,2021-05-26 00:00:00,null,60.0,null,60.0,0.0,0.0,PC,null,null,null,null,0,2021-06-10 11:26:57,2021-05-26 07:45:28,2021-06-10 03:26:57,20210803,scale_jiq,83270,20210610,scale
Pernod-DF,Pernod-DF,JIQ,JIQ,XDTGL5209,XDTGL5209,TGL洗漱化妆袋,null,null,null,null,16348978,460731,900.0,null,152767,null,null,2021-05-26 00:00:00,null,40.0,null,40.0,0.0,0.0,PC,null,null,null,null,0,2021-06-10 11:26:58,2021-05-26 08:00:53,2021-06-10 03:26:58,20210803,scale_jiq,83271,20210610,scale
Pernod-DF,Pernod-DF,JIQ,JIQ,XROCGL19042PDN,XROCGL19042PDN,皇家礼炮闻香杯,null,null,null,null,16348978,460730,900.0,null,152767,null,null,2021-05-26 00:00:00,null,70.0,null,70.0,0.0,0.0,PC,null,null,null,null,0,2021-06-10 11:26:58,2021-05-26 08:00:53,2021-06-10 03:26:58,20210803,scale_jiq,83271,20210610,scale
Pernod-DF,Pernod-DF,JIQ,JIQ,XDTGL5210,XDTGL5210,TGL银包,null,null,null,null,16348978,460728,900.0,null,152767,null,null,2021-05-26 00:00:00,null,40.0,null,40.0,0.0,0.0,PC,null,null,null,null,0,2021-06-10 11:26:58,2021-05-26 08:00:53,2021-06-10 03:26:58,20210803,scale_jiq,83271,20210610,scale
Pernod-DF,Pernod-DF,JIQ,JIQ,XDTGL5208,XDTGL5208,TGL背包,null,null,null,null,16348978,460729,900.0,null,152767,null,null,2021-05-26 00:00:00,null,6.0,null,6.0,0.0,0.0,PC,null,null,null,null,0,2021-06-10 11:26:58,2021-05-26 08:00:53,2021-06-10 03:26:58,20210803,scale_jiq,83271,20210610,scale
Pernod-DF,Pernod-DF,JIQ,JIQ,XDCH31028,XDCH31028,日上twinpack袋,null,null,null,null,16348978,460727,900.0,null,152767,null,null,2021-05-26 00:00:00,null,1.0,null,1.0,0.0,0.0,PC,null,null,null,null,0,2021-06-10 11:26:58,2021-05-26 08:00:53,2021-06-10 03:26:58,20210803,scale_jiq,83271,20210610,scale
Pernod-DF,Pernod-DF,JIQ,JIQ,XDCH31028,XDCH31028,日上twinpack袋,null,null,null,null,16348978,460726,900.0,null,152767,null,null,2021-05-26 00:00:00,null,39.0,null,39.0,0.0,0.0,PC,null,null,null,null,0,2021-06-10 11:26:58,2021-05-26 08:00:53,2021-06-10 03:26:58,20210803,scale_jiq,83271,20210610,scale
Pernod-DF,Pernod-DF,JIQ,JIQ,XDCH31028,XDCH31028,日上twinpack袋,null,null,null,null,16348997,460803,900.0,null,152791,null,null,2021-05-27 00:00:00,null,50.0,null,50.0,0.0,0.0,PC,null,null,null,null,0,2021-06-10 11:26:59,2021-05-27 05:13:49,2021-06-10 03:27:00,20210803,scale_jiq,83277,20210610,scale
Pernod-Wine,Pernod-Wine,JIQ,JIQ,SNP1N8,SNP1N8,丽石庄园黑品乐红葡萄酒,null,null,null,null,42022335,463437,900.0,398DPWH6,153064,null,null,2021-06-10 00:00:00,null,60.0,null,60.0,0.0,444.0,BT,null,KG,null,null,0,2021-06-10 16:18:18,2021-06-08 11:01:01,2021-06-10 08:18:58,20210803,scale_jiq,83533,20210610,scale
Pernod-Wine,Pernod-Wine,JIQ,JIQ,013447,013447,皇家礼炮29年苏格兰威士忌佩德罗-希梅内斯雪莉桶酒壶限量版 6 X 70CL,null,null,null,null,31957166,463453,900.0,null,153064,null,null,2021-06-09 00:00:00,null,1.0,null,1.0,0.0,11.8,BT,null,null,null,null,0,2021-06-10 16:18:18,2021-06-09 02:06:10,2021-06-10 08:18:59,20210803,scale_jiq,83535,20210610,scale
Pernod-Wine,Pernod-Wine,JIQ,JIQ,OCT418,OCT418,澳岚多西拉加本纳干红葡萄酒,null,null,null,null,42022482,463468,900.0,398DPWH6,153064,null,null,2021-06-10 00:00:00,null,1200.0,null,1200.0,0.0,9600.0,BT,null,KG,null,null,0,2021-06-10 16:18:18,2021-06-09 04:31:01,2021-06-10 08:19:01,20210803,scale_jiq,83537,20210610,scale
Pernod-Wine,Pernod-Wine,JIQ,JIQ,OSC210,OSC210,杰卡斯霞多丽·黑品乐起泡葡萄酒 6 X 75CL,null,null,null,null,39942964,463666,900.0,TOF,153084,null,null,2021-06-09 00:00:00,null,6.0,null,6.0,88725.0,54.0,BT,null,KG,null,null,0,2021-06-10 16:33:09,2021-06-09 08:16:01,2021-06-10 08:33:32,20210803,scale_jiq,83552,20210610,scale
Pernod-Wine,Pernod-Wine,JIQ,JIQ,OSO200,OSO200,杰卡斯莫斯卡托桃红起泡葡萄酒 6 X 75CL,null,null,null,null,39942964,463665,900.0,TOF,153084,null,null,2021-06-09 00:00:00,null,36.0,null,36.0,532350.0,324.0,BT,null,KG,null,null,0,2021-06-10 16:33:09,2021-06-09 08:16:01,2021-06-10 08:33:32,20210803,scale_jiq,83552,20210610,scale
Pernod-Wine,Pernod-Wine,JIQ,JIQ,009527,009527,马爹利尚选XXO干邑白兰地-有盒装 6 X 70CL,null,null,null,null,31957181,463694,900.0,null,153082,null,null,2021-06-09 00:00:00,null,24.0,null,24.0,0.0,468.72,BT,null,null,null,null,0,2021-06-10 16:18:18,2021-06-09 12:22:38,2021-06-10 08:19:02,20210803,scale_jiq,83580,20210610,scale
Pernod-Wine,Pernod-Wine,JIQ,JIQ,003906,003906,马爹利蓝带干邑白兰地-有盒装 12 X 70CL,null,null,null,null,31957181,463700,900.0,null,153082,null,null,2021-06-09 00:00:00,null,12.0,null,12.0,0.0,196.2,BT,null,null,null,null,0,2021-06-10 16:18:18,2021-06-09 12:22:38,2021-06-10 08:19:02,20210803,scale_jiq,83580,20210610,scale
Pernod-Wine,Pernod-Wine,JIQ,JIQ,PJB733,PJB733,美丽时光·巴黎艺术年份香槟 6 X 75CL,null,null,null,null,31957182,463696,900.0,null,153082,null,null,2021-06-09 00:00:00,null,18.0,null,18.0,0.0,180.0,BT,null,null,null,null,0,2021-06-10 16:18:18,2021-06-09 12:25:29,2021-06-10 08:19:03,20210803,scale_jiq,83581,20210610,scale
Pernod-Wine,Pernod-Wine,JIQ,JIQ,009527,009527,马爹利尚选XXO干邑白兰地-有盒装 6 X 70CL,null,null,null,null,31957182,463695,900.0,null,153082,null,null,2021-06-09 00:00:00,null,12.0,null,12.0,0.0,234.36,BT,null,null,null,null,0,2021-06-10 16:18:18,2021-06-09 12:25:29,2021-06-10 08:19:03,20210803,scale_jiq,83581,20210610,scale
Pernod-Wine,Pernod-Wine,JIQ,JIQ,003906,003906,马爹利蓝带干邑白兰地-有盒装 12 X 70CL,null,null,null,null,31957182,463701,900.0,null,153082,null,null,2021-06-09 00:00:00,null,12.0,null,12.0,0.0,196.2,BT,null,null,null,null,0,2021-06-10 16:18:18,2021-06-09 12:25:29,2021-06-10 08:19:03,20210803,scale_jiq,83581,20210610,scale
Pernod-Wine,Pernod-Wine,JIQ,JIQ,PJB733,PJB733,美丽时光·巴黎艺术年份香槟 6 X 75CL,null,null,null,null,31957183,463698,900.0,null,153082,null,null,2021-06-09 00:00:00,null,18.0,null,18.0,0.0,180.0,BT,null,null,null,null,0,2021-06-10 16:18:18,2021-06-09 12:29:37,2021-06-10 08:19:04,20210803,scale_jiq,83582,20210610,scale
Pernod-Wine,Pernod-Wine,JIQ,JIQ,PJW699,PJW699,美丽时光·巴黎艺术1999年份香槟 1 X 150CL,null,null,null,null,31957183,463699,900.0,null,153082,null,null,2021-06-09 00:00:00,null,1.0,null,1.0,0.0,4.96,BT,null,null,null,null,0,2021-06-10 16:18:18,2021-06-09 12:29:37,2021-06-10 08:19:04,20210803,scale_jiq,83582,20210610,scale
Pernod-Wine,Pernod-Wine,JIQ,JIQ,003906,003906,马爹利蓝带干邑白兰地-有盒装 12 X 70CL,null,null,null,null,31957183,463697,900.0,null,153082,null,null,2021-06-09 00:00:00,null,12.0,null,12.0,0.0,196.2,BT,null,null,null,null,0,2021-06-10 16:18:18,2021-06-09 12:29:37,2021-06-10 08:19:04,20210803,scale_jiq,83582,20210610,scale
Pernod-Wine,Pernod-Wine,JIQ,JIQ,OSO200,OSO200,杰卡斯莫斯卡托桃红起泡葡萄酒 6 X 75CL,null,null,null,null,31957184,463703,900.0,null,153112,null,null,2021-06-10 00:00:00,null,12.0,null,12.0,177450.0,108.0,BT,null,null,null,null,0,2021-06-10 16:18:18,2021-06-10 02:17:50,2021-06-10 08:19:05,20210803,scale_jiq,83584,20210610,scale
Pernod-DF,Pernod-DF,JIQ,JIQ,XDTGL5208,XDTGL5208,TGL背包,null,null,null,null,16349890,463732,900.0,null,153116,null,null,2021-06-10 00:00:00,null,6.0,null,6.0,0.0,0.0,PC,null,null,null,null,0,2021-06-10 13:30:18,2021-06-10 04:20:12,2021-06-10 05:32:14,20210803,scale_jiq,83589,20210610,scale
Pernod-Wine,Pernod-Wine,JIQ,JIQ,KA0680,KA0680,甘露咖啡力娇酒(配制酒) 12 X 70CL,null,null,null,null,42022359,463667,900.0,null,153080,null,null,2021-06-09 00:00:00,null,360.0,null,360.0,0.0,5364.0,BT,null,null,null,null,0,2021-06-11 16:45:25,2021-06-09 09:16:16,2021-06-11 08:46:16,20210803,scale_jiq,83553,20210611,scale
Pernod-Wine,Pernod-Wine,JIQ,JIQ,KA0680,KA0680,甘露咖啡力娇酒(配制酒) 12 X 70CL,null,null,null,null,42022424,463668,900.0,null,153080,null,null,2021-06-09 00:00:00,null,360.0,null,360.0,0.0,5364.0,BT,null,null,null,null,0,2021-06-11 16:45:24,2021-06-09 09:18:09,2021-06-11 08:46:17,20210803,scale_jiq,83554,20210611,scale
Pernod-Wine,Pernod-Wine,JIQ,JIQ,KA0680,KA0680,甘露咖啡力娇酒(配制酒) 12 X 70CL,null,null,null,null,42022428,463669,900.0,null,153080,null,null,2021-06-09 00:00:00,null,360.0,null,360.0,0.0,5364.0,BT,null,null,null,null,0,2021-06-11 16:45:24,2021-06-09 09:19:53,2021-06-11 08:46:18,20210803,scale_jiq,83555,20210611,scale
Pernod-Wine,Pernod-Wine,JIQ,JIQ,KA0680,KA0680,甘露咖啡力娇酒(配制酒) 12 X 70CL,null,null,null,null,42022488,463670,900.0,null,153080,null,null,2021-06-09 00:00:00,null,600.0,null,600.0,0.0,8940.0,BT,null,null,null,null,0,2021-06-11 16:45:24,2021-06-09 09:21:30,2021-06-11 08:46:19,20210803,scale_jiq,83556,20210611,scale
Pernod-Wine,Pernod-Wine,JIQ,JIQ,KA0680,KA0680,甘露咖啡力娇酒(配制酒) 12 X 70CL,null,null,null,null,42022433,463671,900.0,null,153080,null,null,2021-06-09 00:00:00,null,360.0,null,360.0,0.0,5364.0,BT,null,null,null,null,0,2021-06-11 16:45:25,2021-06-09 09:34:37,2021-06-11 08:46:00,20210803,scale_jiq,83557,20210611,scale
Pernod-Wine,Pernod-Wine,JIQ,JIQ,KA0680,KA0680,甘露咖啡力娇酒(配制酒) 12 X 70CL,null,null,null,null,42022347,463672,900.0,null,153080,null,null,2021-06-09 00:00:00,null,360.0,null,360.0,0.0,5364.0,BT,null,null,null,null,0,2021-06-11 16:45:24,2021-06-09 09:36:27,2021-06-11 08:46:01,20210803,scale_jiq,83558,20210611,scale
Pernod-Wine,Pernod-Wine,JIQ,JIQ,KA0680,KA0680,甘露咖啡力娇酒(配制酒) 12 X 70CL,null,null,null,null,42022469,463673,900.0,null,153080,null,null,2021-06-09 00:00:00,null,360.0,null,360.0,0.0,5364.0,BT,null,null,null,null,0,2021-06-11 16:45:24,2021-06-09 09:38:06,2021-06-11 08:46:03,20210803,scale_jiq,83559,20210611,scale
Pernod-Wine,Pernod-Wine,JIQ,JIQ,KA0680,KA0680,甘露咖啡力娇酒(配制酒) 12 X 70CL,null,null,null,null,42022358,463674,900.0,null,153080,null,null,2021-06-09 00:00:00,null,360.0,null,360.0,0.0,5364.0,BT,null,null,null,null,0,2021-06-11 16:45:24,2021-06-09 09:39:58,2021-06-11 08:46:04,20210803,scale_jiq,83560,20210611,scale
Pernod-Wine,Pernod-Wine,JIQ,JIQ,KA0680,KA0680,甘露咖啡力娇酒(配制酒) 12 X 70CL,null,null,null,null,42022353,463675,900.0,null,153080,null,null,2021-06-09 00:00:00,null,360.0,null,360.0,0.0,5364.0,BT,null,null,null,null,0,2021-06-11 16:45:24,2021-06-09 09:41:43,2021-06-11 08:46:05,20210803,scale_jiq,83561,20210611,scale
Pernod-Wine,Pernod-Wine,JIQ,JIQ,KA0680,KA0680,甘露咖啡力娇酒(配制酒) 12 X 70CL,null,null,null,null,42022366,463676,900.0,null,153080,null,null,2021-06-09 00:00:00,null,360.0,null,360.0,0.0,5364.0,BT,null,null,null,null,0,2021-06-11 16:45:24,2021-06-09 09:43:36,2021-06-11 08:46:06,20210803,scale_jiq,83562,20210611,scale
Pernod-Wine,Pernod-Wine,JIQ,JIQ,KA0680,KA0680,甘露咖啡力娇酒(配制酒) 12 X 70CL,null,null,null,null,42022417,463677,900.0,null,153080,null,null,2021-06-09 00:00:00,null,360.0,null,360.0,0.0,5364.0,BT,null,null,null,null,0,2021-06-11 16:45:24,2021-06-09 09:45:29,2021-06-11 08:46:07,20210803,scale_jiq,83563,20210611,scale
Pernod-Wine,Pernod-Wine,JIQ,JIQ,KA0680,KA0680,甘露咖啡力娇酒(配制酒) 12 X 70CL,null,null,null,null,42022373,463678,900.0,null,153080,null,null,2021-06-09 00:00:00,null,600.0,null,600.0,0.0,8940.0,BT,null,null,null,null,0,2021-06-11 16:45:24,2021-06-09 09:47:01,2021-06-11 08:46:08,20210803,scale_jiq,83564,20210611,scale
Pernod-Wine,Pernod-Wine,JIQ,JIQ,KA0680,KA0680,甘露咖啡力娇酒(配制酒) 12 X 70CL,null,null,null,null,42022432,463679,900.0,null,153080,null,null,2021-06-09 00:00:00,null,240.0,null,240.0,0.0,3576.0,BT,null,null,null,null,0,2021-06-11 16:45:24,2021-06-09 09:48:42,2021-06-11 08:46:09,20210803,scale_jiq,83565,20210611,scale
Pernod-Wine,Pernod-Wine,JIQ,JIQ,KA0680,KA0680,甘露咖啡力娇酒(配制酒) 12 X 70CL,null,null,null,null,42022396,463680,900.0,null,153080,null,null,2021-06-09 00:00:00,null,360.0,null,360.0,0.0,5364.0,BT,null,null,null,null,0,2021-06-11 16:45:24,2021-06-09 09:50:05,2021-06-11 08:46:10,20210803,scale_jiq,83566,20210611,scale
Pernod-Wine,Pernod-Wine,JIQ,JIQ,KA0680,KA0680,甘露咖啡力娇酒(配制酒) 12 X 70CL,null,null,null,null,42022436,463681,900.0,null,153080,null,null,2021-06-09 00:00:00,null,360.0,null,360.0,0.0,5364.0,BT,null,null,null,null,0,2021-06-11 16:45:25,2021-06-09 09:52:03,2021-06-11 08:46:11,20210803,scale_jiq,83567,20210611,scale
Pernod-Wine,Pernod-Wine,JIQ,JIQ,KA0680,KA0680,甘露咖啡力娇酒(配制酒) 12 X 70CL,null,null,null,null,42022465,463682,900.0,null,153080,null,null,2021-06-09 00:00:00,null,684.0,null,684.0,0.0,10191.6,BT,null,null,null,null,0,2021-06-11 16:45:24,2021-06-09 09:53:39,2021-06-11 08:46:12,20210803,scale_jiq,83568,20210611,scale
Pernod-Wine,Pernod-Wine,JIQ,JIQ,KA0680,KA0680,甘露咖啡力娇酒(配制酒) 12 X 70CL,null,null,null,null,42022437,463683,900.0,null,153080,null,null,2021-06-09 00:00:00,null,2400.0,null,2400.0,0.0,35760.0,BT,null,null,null,null,0,2021-06-11 16:45:24,2021-06-09 09:56:06,2021-06-11 08:46:13,20210803,scale_jiq,83569,20210611,scale
Pernod-Wine,Pernod-Wine,JIQ,JIQ,KA0680,KA0680,甘露咖啡力娇酒(配制酒) 12 X 70CL,null,null,null,null,42022387,463684,900.0,null,153080,null,null,2021-06-09 00:00:00,null,360.0,null,360.0,0.0,5364.0,BT,null,null,null,null,0,2021-06-11 16:45:24,2021-06-09 09:58:26,2021-06-11 08:46:14,20210803,scale_jiq,83570,20210611,scale
Pernod-Wine,Pernod-Wine,JIQ,JIQ,KA0680,KA0680,甘露咖啡力娇酒(配制酒) 12 X 70CL,null,null,null,null,42022495,463685,900.0,null,153080,null,null,2021-06-09 00:00:00,null,240.0,null,240.0,0.0,3576.0,BT,null,null,null,null,0,2021-06-11 16:45:24,2021-06-09 10:00:20,2021-06-11 08:46:15,20210803,scale_jiq,83571,20210611,scale
Pernod-Wine,Pernod-Wine,JIQ,JIQ,KA0680,KA0680,甘露咖啡力娇酒(配制酒) 12 X 70CL,null,null,null,null,42022498,463686,900.0,null,153080,null,null,2021-06-09 00:00:00,null,60.0,null,60.0,0.0,894.0,BT,null,null,null,null,0,2021-06-11 16:45:24,2021-06-09 10:02:02,2021-06-11 08:46:23,20210803,scale_jiq,83572,20210611,scale
Pernod-Wine,Pernod-Wine,JIQ,JIQ,KA0680,KA0680,甘露咖啡力娇酒(配制酒) 12 X 70CL,null,null,null,null,42022429,463687,900.0,null,153080,null,null,2021-06-09 00:00:00,null,120.0,null,120.0,0.0,1788.0,BT,null,null,null,null,0,2021-06-11 16:45:24,2021-06-09 10:03:56,2021-06-11 08:46:24,20210803,scale_jiq,83573,20210611,scale
Pernod-Wine,Pernod-Wine,JIQ,JIQ,KA0680,KA0680,甘露咖啡力娇酒(配制酒) 12 X 70CL,null,null,null,null,42022430,463688,900.0,null,153080,null,null,2021-06-09 00:00:00,null,240.0,null,240.0,0.0,3576.0,BT,null,null,null,null,0,2021-06-11 16:45:24,2021-06-09 10:05:31,2021-06-11 08:46:25,20210803,scale_jiq,83574,20210611,scale
Pernod-Wine,Pernod-Wine,JIQ,JIQ,KA0680,KA0680,甘露咖啡力娇酒(配制酒) 12 X 70CL,null,null,null,null,42022431,463689,900.0,null,153080,null,null,2021-06-09 00:00:00,null,360.0,null,360.0,0.0,5364.0,BT,null,null,null,null,0,2021-06-11 16:45:24,2021-06-09 10:06:45,2021-06-11 08:46:26,20210803,scale_jiq,83575,20210611,scale
Pernod-Wine,Pernod-Wine,JIQ,JIQ,KA0680,KA0680,甘露咖啡力娇酒(配制酒) 12 X 70CL,null,null,null,null,42022418,463690,900.0,null,153080,null,null,2021-06-09 00:00:00,null,360.0,null,360.0,0.0,5364.0,BT,null,null,null,null,0,2021-06-11 16:45:25,2021-06-09 10:08:31,2021-06-11 08:46:27,20210803,scale_jiq,83576,20210611,scale
Pernod-Wine,Pernod-Wine,JIQ,JIQ,KA0680,KA0680,甘露咖啡力娇酒(配制酒) 12 X 70CL,null,null,null,null,42022419,463691,900.0,null,153080,null,null,2021-06-09 00:00:00,null,360.0,null,360.0,0.0,5364.0,BT,null,null,null,null,0,2021-06-11 16:45:25,2021-06-09 10:10:15,2021-06-11 08:46:28,20210803,scale_jiq,83577,20210611,scale
Pernod-Wine,Pernod-Wine,JIQ,JIQ,KA0680,KA0680,甘露咖啡力娇酒(配制酒) 12 X 70CL,null,null,null,null,42022367,463692,900.0,null,153080,null,null,2021-06-09 00:00:00,null,360.0,null,360.0,0.0,5364.0,BT,null,null,null,null,0,2021-06-11 16:45:24,2021-06-09 10:11:44,2021-06-11 08:46:29,20210803,scale_jiq,83578,20210611,scale
Pernod-Wine,Pernod-Wine,JIQ,JIQ,KA0680,KA0680,甘露咖啡力娇酒(配制酒) 12 X 70CL,null,null,null,null,42022355,463693,900.0,null,153080,null,null,2021-06-09 00:00:00,null,360.0,null,360.0,0.0,5364.0,BT,null,null,null,null,0,2021-06-11 16:45:24,2021-06-09 10:13:24,2021-06-11 08:46:30,20210803,scale_jiq,83579,20210611,scale
Pernod-Wine,Pernod-Wine,JIQ,JIQ,KA0680,KA0680,甘露咖啡力娇酒(配制酒) 12 X 70CL,null,null,null,null,42022364,463702,900.0,null,153083,null,null,2021-06-10 00:00:00,null,360.0,null,360.0,0.0,5364.0,BT,null,null,null,null,0,2021-06-11 16:45:25,2021-06-10 01:23:42,2021-06-11 08:46:31,20210803,scale_jiq,83583,20210611,scale
Pernod-Wine,Pernod-Wine,JIQ,JIQ,BF0926,BF0926,必富达金酒蒸馏酒 12 X 70CL,null,null,null,null,31957176,463704,900.0,null,153113,null,null,2021-06-10 00:00:00,null,24.0,null,24.0,443520.0,350.4,BT,null,null,null,null,0,2021-06-11 16:45:24,2021-06-10 02:21:11,2021-06-11 08:46:32,20210803,scale_jiq,83585,20210611,scale
Pernod-Wine,Pernod-Wine,JIQ,JIQ,OSO200,OSO200,杰卡斯莫斯卡托桃红起泡葡萄酒,null,null,null,null,42022613,463726,900.0,398DPWH6,153135,null,null,2021-06-11 00:00:00,null,180.0,null,180.0,2661750.0,1620.0,BT,null,KG,null,null,0,2021-06-11 16:45:25,2021-06-10 03:16:01,2021-06-11 08:46:20,20210803,scale_jiq,83587,20210611,scale
Pernod-Wine,Pernod-Wine,JIQ,JIQ,004636,004636,马爹利XO干邑白兰地-无盒装,null,null,null,null,42022638,463945,900.0,398DPWH6,153135,null,null,2021-06-09 00:00:00,null,1680.0,null,1680.0,0.0,34524.0,BT,null,KG,null,null,0,2021-06-11 16:45:25,2021-06-10 07:16:01,2021-06-11 08:46:21,20210803,scale_jiq,83604,20210611,scale
Pernod-Wine,Pernod-Wine,JIQ,JIQ,004657,004657,马爹利XO干邑白兰地-有盒装 12 X 70CL,null,null,null,null,31957212,463951,900.0,null,153137,null,null,2021-06-11 00:00:00,null,6.0,null,6.0,254163.0,143.4,BT,null,null,null,null,0,2021-06-11 16:45:24,2021-06-11 01:45:08,2021-06-11 08:46:22,20210803,scale_jiq,83610,20210611,scale
Pernod-Wine,Pernod-Wine,JIQ,JIQ,OSO200,OSO200,杰卡斯莫斯卡托桃红起泡葡萄酒,null,null,null,null,42022421,463949,900.0,398DPWH6,153187,null,null,2021-06-14 00:00:00,null,600.0,null,600.0,8872500.0,5400.0,BT,null,KG,null,null,0,2021-06-15 17:08:54,2021-06-10 10:46:01,2021-06-15 09:10:29,20210803,scale_jiq,83608,20210615,scale
Pernod-Wine,Pernod-Wine,JIQ,JIQ,KA0680,KA0680,甘露咖啡力娇酒(配制酒) 12 X 70CL,null,null,null,null,42022622,464152,900.0,null,153187,null,null,2021-06-11 00:00:00,null,252.0,null,252.0,0.0,3754.8,BT,null,null,null,null,0,2021-06-15 17:08:54,2021-06-11 08:59:26,2021-06-15 09:10:30,20210803,scale_jiq,83626,20210615,scale
Pernod-Wine,Pernod-Wine,JIQ,JIQ,KA0680,KA0680,甘露咖啡力娇酒(配制酒) 12 X 70CL,null,null,null,null,42022348,464157,900.0,null,153187,null,null,2021-06-11 00:00:00,null,360.0,null,360.0,0.0,5364.0,BT,null,null,null,null,0,2021-06-15 17:08:54,2021-06-11 09:05:34,2021-06-15 09:10:31,20210803,scale_jiq,83628,20210615,scale
Pernod-Wine,Pernod-Wine,JIQ,JIQ,KA0680,KA0680,甘露咖啡力娇酒(配制酒) 12 X 70CL,null,null,null,null,42022356,464158,900.0,null,153187,null,null,2021-06-11 00:00:00,null,360.0,null,360.0,0.0,5364.0,BT,null,null,null,null,0,2021-06-15 17:08:54,2021-06-11 09:14:41,2021-06-15 09:10:32,20210803,scale_jiq,83630,20210615,scale
Pernod-Wine,Pernod-Wine,JIQ,JIQ,KA0680,KA0680,甘露咖啡力娇酒(配制酒) 12 X 70CL,null,null,null,null,42022384,464159,900.0,null,153187,null,null,2021-06-11 00:00:00,null,360.0,null,360.0,0.0,5364.0,BT,null,null,null,null,0,2021-06-15 17:08:54,2021-06-11 09:16:57,2021-06-15 09:10:33,20210803,scale_jiq,83631,20210615,scale
Pernod-Wine,Pernod-Wine,JIQ,JIQ,KA0680,KA0680,甘露咖啡力娇酒(配制酒) 12 X 70CL,null,null,null,null,42022386,464160,900.0,null,153187,null,null,2021-06-11 00:00:00,null,360.0,null,360.0,0.0,5364.0,BT,null,null,null,null,0,2021-06-15 17:08:54,2021-06-11 09:18:28,2021-06-15 09:10:35,20210803,scale_jiq,83632,20210615,scale
Pernod-Wine,Pernod-Wine,JIQ,JIQ,KA0680,KA0680,甘露咖啡力娇酒(配制酒) 12 X 70CL,null,null,null,null,42022422,464161,900.0,null,153187,null,null,2021-06-11 00:00:00,null,360.0,null,360.0,0.0,5364.0,BT,null,null,null,null,0,2021-06-15 17:08:54,2021-06-11 09:20:09,2021-06-15 09:10:36,20210803,scale_jiq,83633,20210615,scale
Pernod-Wine,Pernod-Wine,JIQ,JIQ,KA0680,KA0680,甘露咖啡力娇酒(配制酒) 12 X 70CL,null,null,null,null,42022468,464162,900.0,null,153187,null,null,2021-06-11 00:00:00,null,360.0,null,360.0,0.0,5364.0,BT,null,null,null,null,0,2021-06-15 17:08:54,2021-06-11 09:22:35,2021-06-15 09:10:37,20210803,scale_jiq,83634,20210615,scale
Pernod-Wine,Pernod-Wine,JIQ,JIQ,003906,003906,马爹利蓝带干邑白兰地-有盒装 12 X 70CL,null,null,null,null,31957216,464163,900.0,null,153189,null,null,2021-06-11 00:00:00,null,24.0,null,24.0,0.0,392.4,BT,null,null,null,null,0,2021-06-15 17:08:54,2021-06-11 09:59:06,2021-06-15 09:10:38,20210803,scale_jiq,83636,20210615,scale
Pernod-Wine,Pernod-Wine,JIQ,JIQ,008327,008327,尚·马爹利干邑白兰地 1 X 70CL,null,null,null,null,31957216,464165,900.0,null,153189,null,null,2021-06-11 00:00:00,null,3.0,null,3.0,0.0,26.4,BT,null,null,null,null,0,2021-06-15 17:08:54,2021-06-11 09:59:06,2021-06-15 09:10:38,20210803,scale_jiq,83636,20210615,scale
Pernod-Wine,Pernod-Wine,JIQ,JIQ,009527,009527,马爹利尚选XXO干邑白兰地-有盒装 6 X 70CL,null,null,null,null,31957216,464164,900.0,null,153189,null,null,2021-06-11 00:00:00,null,6.0,null,6.0,0.0,117.18,BT,null,null,null,null,0,2021-06-15 17:08:54,2021-06-11 09:59:06,2021-06-15 09:10:38,20210803,scale_jiq,83636,20210615,scale
Pernod-Wine,Pernod-Wine,JIQ,JIQ,009527,009527,马爹利尚选XXO干邑白兰地-有盒装 6 X 70CL,null,null,null,null,31957217,464167,900.0,null,153189,null,null,2021-06-11 00:00:00,null,12.0,null,12.0,0.0,234.36,BT,null,null,null,null,0,2021-06-15 17:08:54,2021-06-11 10:00:52,2021-06-15 09:10:39,20210803,scale_jiq,83637,20210615,scale
Pernod-Wine,Pernod-Wine,JIQ,JIQ,003906,003906,马爹利蓝带干邑白兰地-有盒装 12 X 70CL,null,null,null,null,31957217,464168,900.0,null,153189,null,null,2021-06-11 00:00:00,null,12.0,null,12.0,0.0,196.2,BT,null,null,null,null,0,2021-06-15 17:08:54,2021-06-11 10:00:52,2021-06-15 09:10:39,20210803,scale_jiq,83637,20210615,scale
Pernod-Wine,Pernod-Wine,JIQ,JIQ,008327,008327,尚·马爹利干邑白兰地 1 X 70CL,null,null,null,null,31957217,464166,900.0,null,153189,null,null,2021-06-11 00:00:00,null,3.0,null,3.0,0.0,26.4,BT,null,null,null,null,0,2021-06-15 17:08:54,2021-06-11 10:00:52,2021-06-15 09:10:39,20210803,scale_jiq,83637,20210615,scale
Pernod-Wine,Pernod-Wine,JIQ,JIQ,PJR762,PJR762,美丽时光·巴黎艺术年份桃红香槟 6 X 75CL,null,null,null,null,31957220,464169,900.0,null,153189,null,null,2021-06-11 00:00:00,null,36.0,null,36.0,0.0,370.8,BT,null,null,null,null,0,2021-06-15 17:08:54,2021-06-11 10:02:14,2021-06-15 09:10:40,20210803,scale_jiq,83638,20210615,scale
Pernod-Wine,Pernod-Wine,JIQ,JIQ,030015,030015,绝对伏特加(原味),null,null,null,null,42022753,464170,900.0,398DPWH6,153220,null,null,2021-06-14 00:00:00,null,12.0,null,12.0,348096.0,240.0,BT,null,KG,null,null,0,2021-06-15 17:08:54,2021-06-11 10:46:02,2021-06-15 09:10:41,20210803,scale_jiq,83639,20210615,scale
Pernod-DF,Pernod-DF,JIQ,JIQ,XDB300007,XDB300007,百齡坛洗漱包,null,null,null,null,16350059,464403,900.0,null,153235,null,null,2021-06-15 00:00:00,null,100.0,null,100.0,0.0,0.0,PC,null,null,null,null,0,2021-06-15 11:46:32,2021-06-15 02:22:37,2021-06-15 03:47:19,20210803,scale_jiq,83658,20210615,scale
Pernod-DF,Pernod-DF,JIQ,JIQ,XDROC20017,XDROC20017,皇家礼炮拉杆箱 1*2,null,null,null,null,16350059,464404,900.0,null,153235,null,null,2021-06-15 00:00:00,null,30.0,null,30.0,0.0,0.0,PC,null,null,null,null,0,2021-06-15 11:46:32,2021-06-15 02:22:37,2021-06-15 03:47:19,20210803,scale_jiq,83658,20210615,scale
Pernod-DF,Pernod-DF,JIQ,JIQ,XMAPBP18059EDN,XMAPBP18059EDN,马爹利双颗冰酒石礼盒燕子LOGO版,null,null,null,null,16350059,464406,900.0,null,153235,null,null,2021-06-15 00:00:00,null,280.0,null,280.0,0.0,0.0,PC,null,null,null,null,0,2021-06-15 11:46:32,2021-06-15 02:22:37,2021-06-15 03:47:19,20210803,scale_jiq,83658,20210615,scale
Pernod-DF,Pernod-DF,JIQ,JIQ,XDCH31022,XDCH31022,公文包 1*15,null,null,null,null,16350061,464416,900.0,null,153238,null,null,2021-06-15 00:00:00,null,100.0,null,100.0,0.0,0.0,PC,null,null,null,null,0,2021-06-15 11:46:32,2021-06-15 03:27:08,2021-06-15 03:47:20,20210803,scale_jiq,83662,20210615,scale
Pernod-DF,Pernod-DF,JIQ,JIQ,XDML60034,XDML60034,EOY冰球,null,null,null,null,16350061,464417,900.0,null,153238,null,null,2021-06-15 00:00:00,null,20.0,null,20.0,0.0,0.0,PC,null,null,null,null,0,2021-06-15 11:46:32,2021-06-15 03:27:08,2021-06-15 03:47:20,20210803,scale_jiq,83662,20210615,scale
Pernod-Wine,Pernod-Wine,JIQ,JIQ,BT1911,BT1911,百龄坛张艺兴签名版限量版威士忌,null,null,null,null,42022780,464415,900.0,398DPWH6,153251,null,null,2021-06-16 00:00:00,null,12000.0,null,12000.0,0.0,158400.0,BT,null,KG,null,null,0,2021-06-16 15:39:32,2021-06-15 03:16:02,2021-06-16 07:39:52,20210803,scale_jiq,83661,20210616,scale
Pernod-Wine,Pernod-Wine,JIQ,JIQ,035806,035806,绝对风味伏特加(苹果梨味) 6 X 70CL,null,null,null,null,39943039,464427,900.0,TOF,153252,null,null,2021-06-15 00:00:00,null,12.0,null,12.0,0.0,87.12,BT,null,KG,null,null,0,2021-06-16 13:16:30,2021-06-15 03:46:02,2021-06-16 05:17:02,20210803,scale_jiq,83664,20210616,scale
Pernod-Wine,Pernod-Wine,JIQ,JIQ,BF0926,BF0926,必富达金酒蒸馏酒 12 X 70CL,null,null,null,null,39943039,464428,900.0,TOF,153252,null,null,2021-06-15 00:00:00,null,12.0,null,12.0,221760.0,175.2,BT,null,KG,null,null,0,2021-06-16 13:16:30,2021-06-15 03:46:02,2021-06-16 05:17:02,20210803,scale_jiq,83664,20210616,scale
Pernod-Wine,Pernod-Wine,JIQ,JIQ,035006,035006,绝对风味伏特加(柠檬味) 6 X 70CL,null,null,null,null,39943039,464425,900.0,TOF,153252,null,null,2021-06-15 00:00:00,null,12.0,null,12.0,0.0,90.0,BT,null,KG,null,null,0,2021-06-16 13:16:30,2021-06-15 03:46:02,2021-06-16 05:17:02,20210803,scale_jiq,83664,20210616,scale
Pernod-Wine,Pernod-Wine,JIQ,JIQ,035506,035506,绝对风味伏特加(柑橘味) 6 X 70CL,null,null,null,null,39943039,464424,900.0,TOF,153252,null,null,2021-06-15 00:00:00,null,24.0,null,24.0,0.0,174.48,BT,null,KG,null,null,0,2021-06-16 13:16:30,2021-06-15 03:46:02,2021-06-16 05:17:02,20210803,scale_jiq,83664,20210616,scale
Pernod-Wine,Pernod-Wine,JIQ,JIQ,035906,035906,绝对风味伏特加(覆盆莓味) 6 X 70CL,null,null,null,null,39943039,464426,900.0,TOF,153252,null,null,2021-06-15 00:00:00,null,12.0,null,12.0,0.0,86.76,BT,null,KG,null,null,0,2021-06-16 13:16:30,2021-06-15 03:46:02,2021-06-16 05:17:02,20210803,scale_jiq,83664,20210616,scale
Pernod-Wine,Pernod-Wine,JIQ,JIQ,ORB719,ORB719,杰卡斯经典系列霞多丽干白葡萄酒 6 X 75CL,null,null,null,null,39943039,464423,900.0,TOF,153252,null,null,2021-06-15 00:00:00,null,0.0,null,0.0,0.0,0.0,BT,null,KG,null,null,0,2021-06-16 13:16:30,2021-06-15 03:46:02,2021-06-16 05:17:02,20210803,scale_jiq,83664,20210616,scale
Pernod-Wine,Pernod-Wine,JIQ,JIQ,BF0926,BF0926,必富达金酒蒸馏酒 12 X 70CL,null,null,null,null,39943041,464429,900.0,TOF,153252,null,null,2021-06-15 00:00:00,null,24.0,null,24.0,443520.0,350.4,BT,null,KG,null,null,0,2021-06-16 13:16:30,2021-06-15 03:46:02,2021-06-16 05:17:03,20210803,scale_jiq,83665,20210616,scale
Pernod-Wine,Pernod-Wine,JIQ,JIQ,BF0926,BF0926,必富达金酒蒸馏酒 12 X 70CL,null,null,null,null,39943044,464432,900.0,TOF,153252,null,null,2021-06-15 00:00:00,null,12.0,null,12.0,221760.0,175.2,BT,null,KG,null,null,0,2021-06-16 13:16:30,2021-06-15 04:01:02,2021-06-16 05:17:04,20210803,scale_jiq,83666,20210616,scale
Pernod-Wine,Pernod-Wine,JIQ,JIQ,ORB719,ORB719,杰卡斯经典系列霞多丽干白葡萄酒 6 X 75CL,null,null,null,null,39943044,464433,900.0,TOF,153252,null,null,2021-06-15 00:00:00,null,0.0,null,0.0,0.0,0.0,BT,null,KG,null,null,0,2021-06-16 13:16:30,2021-06-15 04:01:02,2021-06-16 05:17:04,20210803,scale_jiq,83666,20210616,scale
Pernod-Wine,Pernod-Wine,JIQ,JIQ,ORB719,ORB719,杰卡斯经典系列霞多丽干白葡萄酒 6 X 75CL,null,null,null,null,39943044,464431,900.0,TOF,153252,null,null,2021-06-15 00:00:00,null,0.0,null,0.0,0.0,0.0,BT,null,KG,null,null,0,2021-06-16 13:16:30,2021-06-15 04:01:02,2021-06-16 05:17:04,20210803,scale_jiq,83666,20210616,scale
Pernod-Wine,Pernod-Wine,JIQ,JIQ,JJ0064,JJ0064,尊美醇爱尔兰威士忌-AJ鸡尾酒伴组B1 192 X 5CL,null,null,null,null,39943044,464430,900.0,TOF,153252,null,null,2021-06-15 00:00:00,null,0.0,null,0.0,0.0,0.0,BT,null,KG,null,null,0,2021-06-16 13:16:30,2021-06-15 04:01:02,2021-06-16 05:17:04,20210803,scale_jiq,83666,20210616,scale
Pernod-Wine,Pernod-Wine,JIQ,JIQ,BF0926,BF0926,必富达金酒蒸馏酒 12 X 70CL,null,null,null,null,39943047,464436,900.0,TOF,153252,null,null,2021-06-15 00:00:00,null,12.0,null,12.0,221760.0,175.2,BT,null,KG,null,null,0,2021-06-16 13:16:30,2021-06-15 04:01:02,2021-06-16 05:17:05,20210803,scale_jiq,83668,20210616,scale
Pernod-Wine,Pernod-Wine,JIQ,JIQ,013849,013849,皇家礼炮21年苏格兰威士忌-有盒装 6 X 70CL,null,null,null,null,39943047,464435,900.0,TOF,153252,null,null,2021-06-15 00:00:00,null,0.0,null,0.0,0.0,0.0,BT,null,KG,null,null,0,2021-06-16 13:16:30,2021-06-15 04:01:02,2021-06-16 05:17:05,20210803,scale_jiq,83668,20210616,scale
Pernod-Wine,Pernod-Wine,JIQ,JIQ,013849,013849,皇家礼炮21年苏格兰威士忌-有盒装 6 X 70CL,null,null,null,null,39943052,464445,900.0,TOF,153252,null,null,2021-06-15 00:00:00,null,0.0,null,0.0,0.0,0.0,BT,null,KG,null,null,0,2021-06-16 13:16:30,2021-06-15 04:16:02,2021-06-16 05:17:07,20210803,scale_jiq,83669,20210616,scale
Pernod-Wine,Pernod-Wine,JIQ,JIQ,035906,035906,绝对风味伏特加(覆盆莓味) 6 X 70CL,null,null,null,null,39943052,464449,900.0,TOF,153252,null,null,2021-06-15 00:00:00,null,12.0,null,12.0,0.0,86.76,BT,null,KG,null,null,0,2021-06-16 13:16:30,2021-06-15 04:16:02,2021-06-16 05:17:07,20210803,scale_jiq,83669,20210616,scale
Pernod-Wine,Pernod-Wine,JIQ,JIQ,BF0926,BF0926,必富达金酒蒸馏酒 12 X 70CL,null,null,null,null,39943052,464451,900.0,TOF,153252,null,null,2021-06-15 00:00:00,null,12.0,null,12.0,221760.0,175.2,BT,null,KG,null,null,0,2021-06-16 13:16:30,2021-06-15 04:16:02,2021-06-16 05:17:07,20210803,scale_jiq,83669,20210616,scale
Pernod-Wine,Pernod-Wine,JIQ,JIQ,035806,035806,绝对风味伏特加(苹果梨味) 6 X 70CL,null,null,null,null,39943052,464450,900.0,TOF,153252,null,null,2021-06-15 00:00:00,null,12.0,null,12.0,0.0,87.12,BT,null,KG,null,null,0,2021-06-16 13:16:30,2021-06-15 04:16:02,2021-06-16 05:17:07,20210803,scale_jiq,83669,20210616,scale
Pernod-Wine,Pernod-Wine,JIQ,JIQ,036015,036015,绝对伏特加(原味) 24 X 35CL,null,null,null,null,39943052,464448,900.0,TOF,153252,null,null,2021-06-15 00:00:00,null,24.0,null,24.0,531360.0,384.0,BT,null,KG,null,null,0,2021-06-16 13:16:30,2021-06-15 04:16:02,2021-06-16 05:17:07,20210803,scale_jiq,83669,20210616,scale
Pernod-Wine,Pernod-Wine,JIQ,JIQ,BF0926,BF0926,必富达金酒蒸馏酒 12 X 70CL,null,null,null,null,39943052,464444,900.0,TOF,153252,null,null,2021-06-15 00:00:00,null,12.0,null,12.0,221760.0,175.2,BT,null,KG,null,null,0,2021-06-16 13:16:30,2021-06-15 04:16:02,2021-06-16 05:17:07,20210803,scale_jiq,83669,20210616,scale
Pernod-Wine,Pernod-Wine,JIQ,JIQ,BTB016,BTB016,百龄坛巴西青柠威士忌风味配制酒 6 X 70CL,null,null,null,null,39943052,464446,900.0,TOF,153252,null,null,2021-06-15 00:00:00,null,48.0,null,48.0,480000.0,331.2,BT,null,KG,null,null,0,2021-06-16 13:16:30,2021-06-15 04:16:02,2021-06-16 05:17:07,20210803,scale_jiq,83669,20210616,scale
Pernod-Wine,Pernod-Wine,JIQ,JIQ,OSO200,OSO200,杰卡斯莫斯卡托桃红起泡葡萄酒 6 X 75CL,null,null,null,null,39943052,464447,900.0,TOF,153252,null,null,2021-06-15 00:00:00,null,66.0,null,66.0,975975.0,594.0,BT,null,KG,null,null,0,2021-06-16 13:16:30,2021-06-15 04:16:02,2021-06-16 05:17:07,20210803,scale_jiq,83669,20210616,scale
Pernod-Wine,Pernod-Wine,JIQ,JIQ,DBS017,DBS017,传说源自拉菲罗斯柴尔德波尔多红葡萄酒 6 X 75CL,null,null,null,null,39943052,464443,900.0,TOF,153252,null,null,2021-06-15 00:00:00,null,24.0,null,24.0,0.0,182.88,BT,null,KG,null,null,0,2021-06-16 13:16:30,2021-06-15 04:16:02,2021-06-16 05:17:07,20210803,scale_jiq,83669,20210616,scale
Pernod-Wine,Pernod-Wine,JIQ,JIQ,OSO200,OSO200,杰卡斯莫斯卡托桃红起泡葡萄酒 6 X 75CL,null,null,null,null,31957193,464473,900.0,null,153251,null,null,2021-06-15 00:00:00,null,5.0,null,5.0,73937.5,45.0,BT,null,null,null,null,0,2021-06-16 15:39:31,2021-06-15 06:24:32,2021-06-16 07:39:53,20210803,scale_jiq,83672,20210616,scale
Pernod-Wine,Pernod-Wine,JIQ,JIQ,DBS017,DBS017,传说源自拉菲罗斯柴尔德波尔多红葡萄酒 6 X 75CL,null,null,null,null,31957148,464474,900.0,null,153251,null,null,2021-06-15 00:00:00,null,100.0,null,100.0,0.0,762.0,BT,null,null,null,null,0,2021-06-16 15:39:31,2021-06-15 06:28:40,2021-06-16 07:39:54,20210803,scale_jiq,83673,20210616,scale
Pernod-Wine,Pernod-Wine,JIQ,JIQ,036015,036015,绝对伏特加(原味),null,null,null,null,42022748,464496,900.0,398DPWH6,153251,null,null,2021-06-16 00:00:00,null,1200.0,null,1200.0,2.6568E7,19200.0,BT,null,KG,null,null,0,2021-06-16 15:39:31,2021-06-15 07:46:02,2021-06-16 07:39:55,20210803,scale_jiq,83678,20210616,scale
Pernod-Wine,Pernod-Wine,JIQ,JIQ,005622,005622,马爹利名士干邑白兰地-有盒装 120 X 5CL,null,null,null,null,39943086,464497,900.0,TOF,153279,null,null,2021-06-15 00:00:00,null,105.0,null,105.0,3600712.5,1921.5,BT,null,KG,null,null,0,2021-06-16 13:16:30,2021-06-15 09:31:03,2021-06-16 05:17:07,20210803,scale_jiq,83679,20210616,scale
Pernod-Wine,Pernod-Wine,JIQ,JIQ,BF1004,BF1004,必富达金酒蒸馏酒 120 X 5CL,null,null,null,null,39943084,464500,900.0,TOF,153279,null,null,2021-06-15 00:00:00,null,120.0,null,120.0,1580040.0,900.0,BT,null,KG,null,null,0,2021-06-16 13:16:30,2021-06-15 09:31:04,2021-06-16 05:17:08,20210803,scale_jiq,83680,20210616,scale
Pernod-Wine,Pernod-Wine,JIQ,JIQ,BT0004,BT0004,百龄坛特醇苏格兰威士忌 192 X 5CL,null,null,null,null,39943084,464498,900.0,TOF,153279,null,null,2021-06-15 00:00:00,null,1200.0,null,1200.0,2.10672E7,14400.0,BT,null,KG,null,null,0,2021-06-16 13:16:30,2021-06-15 09:31:04,2021-06-16 05:17:08,20210803,scale_jiq,83680,20210616,scale
Pernod-Wine,Pernod-Wine,JIQ,JIQ,005622,005622,马爹利名士干邑白兰地-有盒装 120 X 5CL,null,null,null,null,39943084,464499,900.0,TOF,153279,null,null,2021-06-15 00:00:00,null,105.0,null,105.0,3600712.5,1921.5,BT,null,KG,null,null,0,2021-06-16 13:16:30,2021-06-15 09:31:04,2021-06-16 05:17:08,20210803,scale_jiq,83680,20210616,scale
Pernod-Wine,Pernod-Wine,JIQ,JIQ,BF1004,BF1004,必富达金酒蒸馏酒 120 X 5CL,null,null,null,null,39943090,464503,900.0,TOF,153279,null,null,2021-06-15 00:00:00,null,16.0,null,16.0,210672.0,120.0,BT,null,KG,null,null,0,2021-06-16 13:16:30,2021-06-15 09:31:04,2021-06-16 05:17:09,20210803,scale_jiq,83681,20210616,scale
Pernod-Wine,Pernod-Wine,JIQ,JIQ,BF1004,BF1004,必富达金酒蒸馏酒 120 X 5CL,null,null,null,null,39943090,464502,900.0,TOF,153279,null,null,2021-06-15 00:00:00,null,104.0,null,104.0,1369368.0,780.0,BT,null,KG,null,null,0,2021-06-16 13:16:30,2021-06-15 09:31:04,2021-06-16 05:17:09,20210803,scale_jiq,83681,20210616,scale
Pernod-Wine,Pernod-Wine,JIQ,JIQ,005622,005622,马爹利名士干邑白兰地-有盒装 120 X 5CL,null,null,null,null,39943090,464501,900.0,TOF,153279,null,null,2021-06-15 00:00:00,null,105.0,null,105.0,3600712.5,1921.5,BT,null,KG,null,null,0,2021-06-16 13:16:30,2021-06-15 09:31:04,2021-06-16 05:17:09,20210803,scale_jiq,83681,20210616,scale
Pernod-Wine,Pernod-Wine,JIQ,JIQ,005622,005622,马爹利名士干邑白兰地-有盒装 120 X 5CL,null,null,null,null,39943096,464507,900.0,TOF,153279,null,null,2021-06-15 00:00:00,null,32.0,null,32.0,1097360.0,585.6,BT,null,KG,null,null,0,2021-06-16 13:16:30,2021-06-15 09:46:02,2021-06-16 05:17:10,20210803,scale_jiq,83682,20210616,scale
Pernod-Wine,Pernod-Wine,JIQ,JIQ,005622,005622,马爹利名士干邑白兰地-有盒装 120 X 5CL,null,null,null,null,39943096,464504,900.0,TOF,153279,null,null,2021-06-15 00:00:00,null,71.0,null,71.0,2434767.5,1299.3,BT,null,KG,null,null,0,2021-06-16 13:16:30,2021-06-15 09:46:02,2021-06-16 05:17:10,20210803,scale_jiq,83682,20210616,scale
Pernod-Wine,Pernod-Wine,JIQ,JIQ,011094,011094,芝华士12年苏格兰威士忌 120 X 5CL,null,null,null,null,39943096,464505,900.0,TOF,153279,null,null,2021-06-15 00:00:00,null,81.0,null,81.0,1901718.0,1255.5,BT,null,KG,null,null,0,2021-06-16 13:16:30,2021-06-15 09:46:02,2021-06-16 05:17:10,20210803,scale_jiq,83682,20210616,scale
Pernod-Wine,Pernod-Wine,JIQ,JIQ,011534,011534,芝华士18年苏格兰威士忌 120 X 5CL,null,null,null,null,39943096,464506,900.0,TOF,153279,null,null,2021-06-15 00:00:00,null,100.0,null,100.0,2402400.0,1550.0,BT,null,KG,null,null,0,2021-06-16 13:16:30,2021-06-15 09:46:02,2021-06-16 05:17:10,20210803,scale_jiq,83682,20210616,scale
Pernod-Wine,Pernod-Wine,JIQ,JIQ,KA0680,KA0680,甘露咖啡力娇酒(配制酒) 12 X 70CL,null,null,null,null,42022423,464594,900.0,null,153271,null,null,2021-06-16 00:00:00,null,360.0,null,360.0,0.0,5364.0,BT,null,null,null,null,0,2021-06-16 15:39:31,2021-06-16 01:08:10,2021-06-16 07:39:47,20210803,scale_jiq,83688,20210616,scale
Pernod-Wine,Pernod-Wine,JIQ,JIQ,KA0680,KA0680,甘露咖啡力娇酒(配制酒) 12 X 70CL,null,null,null,null,42022426,464595,900.0,null,153271,null,null,2021-06-16 00:00:00,null,360.0,null,360.0,0.0,5364.0,BT,null,null,null,null,0,2021-06-16 15:39:31,2021-06-16 01:10:07,2021-06-16 07:39:48,20210803,scale_jiq,83689,20210616,scale
Pernod-Wine,Pernod-Wine,JIQ,JIQ,KA0680,KA0680,甘露咖啡力娇酒(配制酒) 12 X 70CL,null,null,null,null,42022362,464670,900.0,null,153282,null,null,2021-06-16 00:00:00,null,360.0,null,360.0,0.0,5364.0,BT,null,null,null,null,0,2021-06-16 15:39:31,2021-06-16 06:11:53,2021-06-16 07:39:49,20210803,scale_jiq,83695,20210616,scale
Pernod-Wine,Pernod-Wine,JIQ,JIQ,KA0680,KA0680,甘露咖啡力娇酒(配制酒) 12 X 70CL,null,null,null,null,42022470,464671,900.0,null,153282,null,null,2021-06-16 00:00:00,null,360.0,null,360.0,0.0,5364.0,BT,null,null,null,null,0,2021-06-16 15:39:31,2021-06-16 06:13:24,2021-06-16 07:39:50,20210803,scale_jiq,83696,20210616,scale
Pernod-Wine,Pernod-Wine,JIQ,JIQ,KA0680,KA0680,甘露咖啡力娇酒(配制酒) 12 X 70CL,null,null,null,null,42022391,464673,900.0,null,153282,null,null,2021-06-16 00:00:00,null,360.0,null,360.0,0.0,5364.0,BT,null,null,null,null,0,2021-06-16 15:39:31,2021-06-16 06:22:03,2021-06-16 07:39:51,20210803,scale_jiq,83698,20210616,scale
Pernod-Wine,Pernod-Wine,JIQ,JIQ,OSO200,OSO200,杰卡斯莫斯卡托桃红起泡葡萄酒,null,null,null,null,42022843,464508,900.0,398DPWH6,153290,null,null,2021-06-17 00:00:00,null,120.0,null,120.0,1774500.0,1080.0,BT,null,KG,null,null,0,2021-06-17 17:26:14,2021-06-15 10:16:02,2021-06-17 09:26:29,20210803,scale_jiq,83683,20210617,scale
Pernod-Wine,Pernod-Wine,JIQ,JIQ,KA0680,KA0680,甘露咖啡力娇酒(配制酒) 12 X 70CL,null,null,null,null,42022427,464672,900.0,null,153290,null,null,2021-06-16 00:00:00,null,360.0,null,360.0,0.0,5364.0,BT,null,null,null,null,0,2021-06-17 17:26:14,2021-06-16 06:18:46,2021-06-17 09:26:30,20210803,scale_jiq,83697,20210617,scale
Pernod-Wine,Pernod-Wine,JIQ,JIQ,009527,009527,马爹利尚选XXO干邑白兰地-有盒装 6 X 70CL,null,null,null,null,31957290,464726,900.0,null,153290,null,null,2021-06-16 00:00:00,null,50.0,null,50.0,0.0,976.5,BT,null,null,null,null,0,2021-06-17 17:26:14,2021-06-16 07:05:41,2021-06-17 09:26:31,20210803,scale_jiq,83701,20210617,scale
Pernod-Wine,Pernod-Wine,JIQ,JIQ,SNB120,SNB120,丽石庄园长相思白葡萄酒,null,null,null,null,42022994,464806,900.0,398DPWH6,153298,null,null,2021-06-17 00:00:00,null,36.0,null,36.0,0.0,259.2,BT,null,KG,null,null,0,2021-06-17 17:26:14,2021-06-16 08:46:01,2021-06-17 09:26:32,20210803,scale_jiq,83708,20210617,scale
Pernod-Wine,Pernod-Wine,JIQ,JIQ,036015,036015,绝对伏特加(原味) 24 X 35CL,null,null,null,null,31957253,464818,900.0,null,153298,null,null,2021-06-16 00:00:00,null,3.0,null,3.0,66420.0,48.0,BT,null,null,null,null,0,2021-06-17 17:26:14,2021-06-16 10:23:00,2021-06-17 09:26:33,20210803,scale_jiq,83710,20210617,scale
Pernod-Wine,Pernod-Wine,JIQ,JIQ,026019,026019,奥美加银标龙舌兰酒(蒸馏酒) 12 X 70CL,null,null,null,null,31957292,464973,900.0,null,153307,null,null,2021-06-17 00:00:00,null,2.0,null,2.0,44200.0,33.0,BT,null,null,null,null,0,2021-06-17 17:26:14,2021-06-17 02:02:05,2021-06-17 09:26:34,20210803,scale_jiq,83724,20210617,scale
Pernod-Wine,Pernod-Wine,JIQ,JIQ,MUR014,MUR014,玛姆家族珍藏年份白中白香槟 6 X 75CL,null,null,null,null,39943169,465185,900.0,TOF,153325,null,null,2021-06-17 00:00:00,null,60.0,null,60.0,0.0,619.2,BT,null,KG,null,null,0,2021-06-17 13:30:39,2021-06-17 04:46:01,2021-06-17 05:31:05,20210803,scale_jiq,83744,20210617,scale
Pernod-Wine,Pernod-Wine,JIQ,JIQ,KA0680,KA0680,甘露咖啡力娇酒(配制酒) 12 X 70CL,null,null,null,null,42022889,464972,900.0,null,153343,null,null,2021-06-17 00:00:00,null,2484.0,null,2484.0,0.0,37011.6,BT,null,null,null,null,0,2021-06-18 19:16:28,2021-06-17 01:57:29,2021-06-18 11:16:53,20210803,scale_jiq,83723,20210618,scale
Pernod-Wine,Pernod-Wine,JIQ,JIQ,DBL119,DBL119,传奇源自拉菲罗斯柴尔德波尔多白葡萄酒 6 X 75CL,null,null,null,null,31957407,465386,900.0,null,153360,null,null,2021-06-18 00:00:00,null,60.0,null,60.0,0.0,480.0,BT,null,null,null,null,0,2021-06-18 19:16:28,2021-06-18 02:13:46,2021-06-18 11:16:54,20210803,scale_jiq,83760,20210618,scale
Pernod-Canju,Pernod-Canju,JIQ,JIQ,208720,208720,RYTON XE3500BL CN,null,null,null,null,5567016,465567,900.0,null,153369,null,null,2021-06-19 00:00:00,null,1000.0,null,1000.0,0.0,0.0,KG,null,null,null,null,0,2021-06-19 10:03:45,2021-06-19 01:13:47,2021-06-19 02:04:16,20210803,scale_jiq,83776,20210619,scale
Pernod-DF,Pernod-DF,JIQ,JIQ,XDML60018,XDML60018,馬爹利拉捍箱 1*2,null,null,null,null,16350386,465502,900.0,null,153363,null,null,2021-06-18 00:00:00,null,100.0,null,100.0,0.0,0.0,PC,null,null,null,null,0,2021-06-21 12:59:29,2021-06-18 07:47:31,2021-06-21 05:00:06,20210803,scale_jiq,83770,20210621,scale
Pernod-DF,Pernod-DF,JIQ,JIQ,XDROC20022,XDROC20022,皇家禮炮淺藍色旅行袋,null,null,null,null,16350386,465504,900.0,null,153363,null,null,2021-06-18 00:00:00,null,50.0,null,50.0,0.0,0.0,PC,null,null,null,null,0,2021-06-21 12:59:29,2021-06-18 07:47:31,2021-06-21 05:00:06,20210803,scale_jiq,83770,20210621,scale
Pernod-DF,Pernod-DF,JIQ,JIQ,XDML60034,XDML60034,EOY冰球,null,null,null,null,16350386,465507,900.0,null,153363,null,null,2021-06-18 00:00:00,null,200.0,null,200.0,0.0,0.0,PC,null,null,null,null,0,2021-06-21 12:59:29,2021-06-18 07:47:31,2021-06-21 05:00:06,20210803,scale_jiq,83770,20210621,scale
Pernod-DF,Pernod-DF,JIQ,JIQ,X1MLDGL16006,X1MLDGL16006,干邑杯马爹利干邑杯1*72,null,null,null,null,16350386,465506,900.0,null,153363,null,null,2021-06-18 00:00:00,null,20.0,null,20.0,0.0,0.0,PC,null,null,null,null,0,2021-06-21 12:59:29,2021-06-18 07:47:31,2021-06-21 05:00:06,20210803,scale_jiq,83770,20210621,scale
Pernod-DF,Pernod-DF,JIQ,JIQ,XDCH31025,XDCH31025,芝华士背包（黑色） 1*15,null,null,null,null,16350386,465503,900.0,null,153363,null,null,2021-06-18 00:00:00,null,50.0,null,50.0,0.0,0.0,PC,null,null,null,null,0,2021-06-21 12:59:29,2021-06-18 07:47:31,2021-06-21 05:00:06,20210803,scale_jiq,83770,20210621,scale
Pernod-DF,Pernod-DF,JIQ,JIQ,XDB300007,XDB300007,百齡坛洗漱包,null,null,null,null,16350386,465505,900.0,null,153363,null,null,2021-06-18 00:00:00,null,50.0,null,50.0,0.0,0.0,PC,null,null,null,null,0,2021-06-21 12:59:29,2021-06-18 07:47:31,2021-06-21 05:00:06,20210803,scale_jiq,83770,20210621,scale
Pernod-DF,Pernod-DF,JIQ,JIQ,XDTGL5210,XDTGL5210,TGL银包,null,null,null,null,16350387,465513,900.0,null,153364,null,null,2021-06-18 00:00:00,null,100.0,null,100.0,0.0,0.0,PC,null,null,null,null,0,2021-06-21 12:59:29,2021-06-18 07:50:48,2021-06-21 05:00:09,20210803,scale_jiq,83771,20210621,scale
Pernod-DF,Pernod-DF,JIQ,JIQ,XDML60028,XDML60028,马爹利拉杆箱 1*2,null,null,null,null,16350387,465510,900.0,null,153364,null,null,2021-06-18 00:00:00,null,14.0,null,14.0,0.0,0.0,PC,null,null,null,null,0,2021-06-21 12:59:29,2021-06-18 07:50:48,2021-06-21 05:00:09,20210803,scale_jiq,83771,20210621,scale
Pernod-DF,Pernod-DF,JIQ,JIQ,XDB300007,XDB300007,百齡坛洗漱包,null,null,null,null,16350387,465512,900.0,null,153364,null,null,2021-06-18 00:00:00,null,50.0,null,50.0,0.0,0.0,PC,null,null,null,null,0,2021-06-21 12:59:29,2021-06-18 07:50:48,2021-06-21 05:00:09,20210803,scale_jiq,83771,20210621,scale
Pernod-DF,Pernod-DF,JIQ,JIQ,XDROC20022,XDROC20022,皇家禮炮淺藍色旅行袋,null,null,null,null,16350387,465511,900.0,null,153364,null,null,2021-06-18 00:00:00,null,100.0,null,100.0,0.0,0.0,PC,null,null,null,null,0,2021-06-21 12:59:29,2021-06-18 07:50:48,2021-06-21 05:00:09,20210803,scale_jiq,83771,20210621,scale
Pernod-DF,Pernod-DF,JIQ,JIQ,XDCH31025,XDCH31025,芝华士背包（黑色） 1*15,null,null,null,null,16350387,465509,900.0,null,153364,null,null,2021-06-18 00:00:00,null,50.0,null,50.0,0.0,0.0,PC,null,null,null,null,0,2021-06-21 12:59:29,2021-06-18 07:50:48,2021-06-21 05:00:09,20210803,scale_jiq,83771,20210621,scale
Pernod-DF,Pernod-DF,JIQ,JIQ,XDML60018,XDML60018,馬爹利拉捍箱 1*2,null,null,null,null,16350387,465508,900.0,null,153364,null,null,2021-06-18 00:00:00,null,16.0,null,16.0,0.0,0.0,PC,null,null,null,null,0,2021-06-21 12:59:29,2021-06-18 07:50:48,2021-06-21 05:00:09,20210803,scale_jiq,83771,20210621,scale
Pernod-DF,Pernod-DF,JIQ,JIQ,XDML60028,XDML60028,马爹利拉杆箱 1*2,null,null,null,null,16350393,465514,900.0,null,153363,null,null,2021-06-18 00:00:00,null,50.0,null,50.0,0.0,0.0,PC,null,null,null,null,0,2021-06-21 12:59:29,2021-06-18 07:52:59,2021-06-21 05:00:08,20210803,scale_jiq,83772,20210621,scale
Pernod-DF,Pernod-DF,JIQ,JIQ,XDCH31025,XDCH31025,芝华士背包（黑色） 1*15,null,null,null,null,16350393,465515,900.0,null,153363,null,null,2021-06-18 00:00:00,null,50.0,null,50.0,0.0,0.0,PC,null,null,null,null,0,2021-06-21 12:59:29,2021-06-18 07:52:59,2021-06-21 05:00:08,20210803,scale_jiq,83772,20210621,scale
Pernod-DF,Pernod-DF,JIQ,JIQ,XDTGL5210,XDTGL5210,TGL银包,null,null,null,null,16350393,465518,900.0,null,153363,null,null,2021-06-18 00:00:00,null,50.0,null,50.0,0.0,0.0,PC,null,null,null,null,0,2021-06-21 12:59:29,2021-06-18 07:52:59,2021-06-21 05:00:08,20210803,scale_jiq,83772,20210621,scale
Pernod-DF,Pernod-DF,JIQ,JIQ,XDB300007,XDB300007,百齡坛洗漱包,null,null,null,null,16350393,465517,900.0,null,153363,null,null,2021-06-18 00:00:00,null,50.0,null,50.0,0.0,0.0,PC,null,null,null,null,0,2021-06-21 12:59:29,2021-06-18 07:52:59,2021-06-21 05:00:08,20210803,scale_jiq,83772,20210621,scale
Pernod-DF,Pernod-DF,JIQ,JIQ,XDROC20022,XDROC20022,皇家禮炮淺藍色旅行袋,null,null,null,null,16350393,465516,900.0,null,153363,null,null,2021-06-18 00:00:00,null,50.0,null,50.0,0.0,0.0,PC,null,null,null,null,0,2021-06-21 12:59:29,2021-06-18 07:52:59,2021-06-21 05:00:08,20210803,scale_jiq,83772,20210621,scale
Pernod-DF,Pernod-DF,JIQ,JIQ,XDML60054,XDML60054,Martell 5oz PLA 塑料杯,null,null,null,null,16350394,465794,900.0,null,153388,null,null,2021-06-21 00:00:00,null,1000.0,null,1000.0,0.0,0.0,PC,null,null,null,null,0,2021-06-21 12:59:29,2021-06-21 00:43:52,2021-06-21 05:00:10,20210803,scale_jiq,83791,20210621,scale
Pernod-Wine,Pernod-Wine,JIQ,JIQ,KA0680,KA0680,甘露咖啡力娇酒(配制酒) 12 X 70CL,null,null,null,null,42022385,465337,900.0,null,153343,null,null,2021-06-17 00:00:00,null,360.0,null,360.0,0.0,5364.0,BT,null,null,null,null,0,2021-06-22 16:34:27,2021-06-17 09:22:51,2021-06-22 08:34:53,20210803,scale_jiq,83756,20210622,scale
Pernod-Wine,Pernod-Wine,JIQ,JIQ,OSO200,OSO200,杰卡斯莫斯卡托桃红起泡葡萄酒,null,null,null,null,42023066,465338,900.0,398DPWH6,153374,null,null,2021-06-21 00:00:00,null,60.0,null,60.0,887250.0,540.0,BT,null,KG,null,null,0,2021-06-22 16:34:27,2021-06-17 11:16:01,2021-06-22 08:34:56,20210803,scale_jiq,83757,20210622,scale
Pernod-Wine,Pernod-Wine,JIQ,JIQ,013447,013447,皇家礼炮29年苏格兰威士忌佩德罗-希梅内斯雪莉桶酒壶限量版 6 X 70CL,null,null,null,null,31957449,465973,900.0,null,153409,null,null,2021-06-21 00:00:00,null,2.0,null,2.0,0.0,23.6,BT,null,null,null,null,0,2021-06-22 16:34:27,2021-06-21 03:06:42,2021-06-22 08:34:54,20210803,scale_jiq,83800,20210622,scale
Pernod-Wine,Pernod-Wine,JIQ,JIQ,OCT118,OCT118,澳岚多加本纳西拉干红葡萄酒 6 X 75CL,null,null,null,null,31957462,465974,900.0,null,153409,null,null,2021-06-21 00:00:00,null,6.0,null,6.0,0.0,48.0,BT,null,null,null,null,0,2021-06-22 16:34:27,2021-06-21 03:08:06,2021-06-22 08:34:55,20210803,scale_jiq,83801,20210622,scale
Pernod-Wine,Pernod-Wine,JIQ,JIQ,027027,027027,奥美加金标龙舌兰酒（蒸馏酒） 12 X 70CL,null,null,null,null,39943219,465977,900.0,TOF,153426,null,null,2021-06-21 00:00:00,null,12.0,null,12.0,0.0,192.0,BT,null,KG,null,null,0,2021-06-22 14:52:44,2021-06-21 03:16:02,2021-06-22 06:53:15,20210803,scale_jiq,83803,20210622,scale
Pernod-Wine,Pernod-Wine,JIQ,JIQ,BF1024,BF1024,必富达金酒蒸馏酒-AJ鸡尾酒伴组B1 120 X 5CL,null,null,null,null,39943219,465976,900.0,TOF,153426,null,null,2021-06-21 00:00:00,null,0.0,null,0.0,0.0,0.0,BT,null,KG,null,null,0,2021-06-22 14:52:44,2021-06-21 03:16:02,2021-06-22 06:53:15,20210803,scale_jiq,83803,20210622,scale
Pernod-Wine,Pernod-Wine,JIQ,JIQ,JJ0064,JJ0064,尊美醇爱尔兰威士忌-AJ鸡尾酒伴组B1 192 X 5CL,null,null,null,null,39943221,465978,900.0,TOF,153426,null,null,2021-06-21 00:00:00,null,0.0,null,0.0,0.0,0.0,BT,null,KG,null,null,0,2021-06-22 14:52:44,2021-06-21 03:16:02,2021-06-22 06:53:10,20210803,scale_jiq,83804,20210622,scale
Pernod-Wine,Pernod-Wine,JIQ,JIQ,ORB719,ORB719,杰卡斯经典系列霞多丽干白葡萄酒 6 X 75CL,null,null,null,null,39943221,465979,900.0,TOF,153426,null,null,2021-06-21 00:00:00,null,0.0,null,0.0,0.0,0.0,BT,null,KG,null,null,0,2021-06-22 14:52:44,2021-06-21 03:16:02,2021-06-22 06:53:10,20210803,scale_jiq,83804,20210622,scale
Pernod-Wine,Pernod-Wine,JIQ,JIQ,OSO200,OSO200,杰卡斯莫斯卡托桃红起泡葡萄酒 6 X 75CL,null,null,null,null,39943221,465980,900.0,TOF,153426,null,null,2021-06-21 00:00:00,null,180.0,null,180.0,2661750.0,1620.0,BT,null,KG,null,null,0,2021-06-22 14:52:44,2021-06-21 03:16:02,2021-06-22 06:53:10,20210803,scale_jiq,83804,20210622,scale
Pernod-Wine,Pernod-Wine,JIQ,JIQ,013849,013849,皇家礼炮21年苏格兰威士忌-有盒装 6 X 70CL,null,null,null,null,39943223,465981,900.0,TOF,153426,null,null,2021-06-21 00:00:00,null,0.0,null,0.0,0.0,0.0,BT,null,KG,null,null,0,2021-06-22 14:52:44,2021-06-21 03:16:04,2021-06-22 06:53:12,20210803,scale_jiq,83805,20210622,scale
Pernod-Wine,Pernod-Wine,JIQ,JIQ,BT0030,BT0030,百龄坛特醇苏格兰威士忌-无盒装 12 X 70CL,null,null,null,null,39943223,465982,900.0,TOF,153426,null,null,2021-06-21 00:00:00,null,96.0,null,96.0,1813968.0,1283.52,BT,null,KG,null,null,0,2021-06-22 14:52:44,2021-06-21 03:16:04,2021-06-22 06:53:12,20210803,scale_jiq,83805,20210622,scale
Pernod-Wine,Pernod-Wine,JIQ,JIQ,OSO200,OSO200,杰卡斯莫斯卡托桃红起泡葡萄酒 6 X 75CL,null,null,null,null,39943223,465983,900.0,TOF,153426,null,null,2021-06-21 00:00:00,null,24.0,null,24.0,354900.0,216.0,BT,null,KG,null,null,0,2021-06-22 14:52:44,2021-06-21 03:16:04,2021-06-22 06:53:12,20210803,scale_jiq,83805,20210622,scale
Pernod-Wine,Pernod-Wine,JIQ,JIQ,036015,036015,绝对伏特加(原味) 24 X 35CL,null,null,null,null,39943225,465985,900.0,TOF,153426,null,null,2021-06-21 00:00:00,null,24.0,null,24.0,531360.0,384.0,BT,null,KG,null,null,0,2021-06-22 14:52:44,2021-06-21 03:16:04,2021-06-22 06:53:13,20210803,scale_jiq,83806,20210622,scale
Pernod-Wine,Pernod-Wine,JIQ,JIQ,OSO200,OSO200,杰卡斯莫斯卡托桃红起泡葡萄酒 6 X 75CL,null,null,null,null,39943225,465984,900.0,TOF,153426,null,null,2021-06-21 00:00:00,null,24.0,null,24.0,354900.0,216.0,BT,null,KG,null,null,0,2021-06-22 14:52:44,2021-06-21 03:16:04,2021-06-22 06:53:13,20210803,scale_jiq,83806,20210622,scale
Pernod-Wine,Pernod-Wine,JIQ,JIQ,OSO200,OSO200,杰卡斯莫斯卡托桃红起泡葡萄酒 6 X 75CL,null,null,null,null,39943226,465986,900.0,TOF,153426,null,null,2021-06-21 00:00:00,null,24.0,null,24.0,354900.0,216.0,BT,null,KG,null,null,0,2021-06-22 14:52:44,2021-06-21 03:16:04,2021-06-22 06:53:14,20210803,scale_jiq,83807,20210622,scale
Pernod-Wine,Pernod-Wine,JIQ,JIQ,035906,035906,绝对风味伏特加(覆盆莓味),null,null,null,null,42023183,466296,900.0,398DPWH6,153431,null,null,2021-06-22 00:00:00,null,240.0,null,240.0,0.0,1735.2,BT,null,KG,null,null,0,2021-06-22 16:34:27,2021-06-21 08:16:01,2021-06-22 08:34:57,20210803,scale_jiq,83826,20210622,scale
Pernod-DF,Pernod-DF,JIQ,JIQ,XDML60028,XDML60028,马爹利拉杆箱 1*2,null,null,null,null,16350470,466202,900.0,null,153420,null,null,2021-06-21 00:00:00,null,100.0,null,100.0,0.0,0.0,PC,null,null,null,null,0,2021-06-23 16:11:39,2021-06-21 05:00:50,2021-06-23 08:12:15,20210803,scale_jiq,83814,20210623,scale
Pernod-DF,Pernod-DF,JIQ,JIQ,XDROC20022,XDROC20022,皇家禮炮淺藍色旅行袋,null,null,null,null,16350470,466203,900.0,null,153420,null,null,2021-06-21 00:00:00,null,100.0,null,100.0,0.0,0.0,PC,null,null,null,null,0,2021-06-23 16:11:39,2021-06-21 05:00:50,2021-06-23 08:12:15,20210803,scale_jiq,83814,20210623,scale
Pernod-DF,Pernod-DF,JIQ,JIQ,XDROC20022,XDROC20022,皇家禮炮淺藍色旅行袋,null,null,null,null,16350468,466205,900.0,null,153420,null,null,2021-06-21 00:00:00,null,50.0,null,50.0,0.0,0.0,PC,null,null,null,null,0,2021-06-23 16:11:39,2021-06-21 05:02:16,2021-06-23 08:12:16,20210803,scale_jiq,83815,20210623,scale
Pernod-DF,Pernod-DF,JIQ,JIQ,XDB300007,XDB300007,百齡坛洗漱包,null,null,null,null,16350468,466206,900.0,null,153420,null,null,2021-06-21 00:00:00,null,50.0,null,50.0,0.0,0.0,PC,null,null,null,null,0,2021-06-23 16:11:39,2021-06-21 05:02:16,2021-06-23 08:12:16,20210803,scale_jiq,83815,20210623,scale
Pernod-DF,Pernod-DF,JIQ,JIQ,XDCH31025,XDCH31025,芝华士背包（黑色） 1*15,null,null,null,null,16350468,466204,900.0,null,153420,null,null,2021-06-21 00:00:00,null,50.0,null,50.0,0.0,0.0,PC,null,null,null,null,0,2021-06-23 16:11:39,2021-06-21 05:02:16,2021-06-23 08:12:16,20210803,scale_jiq,83815,20210623,scale
Pernod-DF,Pernod-DF,JIQ,JIQ,XDROC20022,XDROC20022,皇家禮炮淺藍色旅行袋,null,null,null,null,16350467,466208,900.0,null,153420,null,null,2021-06-21 00:00:00,null,50.0,null,50.0,0.0,0.0,PC,null,null,null,null,0,2021-06-23 16:11:39,2021-06-21 05:03:48,2021-06-23 08:12:17,20210803,scale_jiq,83816,20210623,scale
Pernod-DF,Pernod-DF,JIQ,JIQ,XDB300007,XDB300007,百齡坛洗漱包,null,null,null,null,16350467,466209,900.0,null,153420,null,null,2021-06-21 00:00:00,null,50.0,null,50.0,0.0,0.0,PC,null,null,null,null,0,2021-06-23 16:11:39,2021-06-21 05:03:48,2021-06-23 08:12:17,20210803,scale_jiq,83816,20210623,scale
Pernod-DF,Pernod-DF,JIQ,JIQ,XDCH31025,XDCH31025,芝华士背包（黑色） 1*15,null,null,null,null,16350467,466207,900.0,null,153420,null,null,2021-06-21 00:00:00,null,50.0,null,50.0,0.0,0.0,PC,null,null,null,null,0,2021-06-23 16:11:39,2021-06-21 05:03:48,2021-06-23 08:12:17,20210803,scale_jiq,83816,20210623,scale
Pernod-DF,Pernod-DF,JIQ,JIQ,XDML60028,XDML60028,马爹利拉杆箱 1*2,null,null,null,null,16350471,466240,900.0,null,153420,null,null,2021-06-21 00:00:00,null,100.0,null,100.0,0.0,0.0,PC,null,null,null,null,0,2021-06-23 16:11:39,2021-06-21 05:05:16,2021-06-23 08:12:18,20210803,scale_jiq,83817,20210623,scale
Pernod-DF,Pernod-DF,JIQ,JIQ,XDROC20022,XDROC20022,皇家禮炮淺藍色旅行袋,null,null,null,null,16350471,466241,900.0,null,153420,null,null,2021-06-21 00:00:00,null,100.0,null,100.0,0.0,0.0,PC,null,null,null,null,0,2021-06-23 16:11:39,2021-06-21 05:05:16,2021-06-23 08:12:18,20210803,scale_jiq,83817,20210623,scale
Pernod-Wine,Pernod-Wine,JIQ,JIQ,035906,035906,绝对风味伏特加(覆盆莓味),null,null,null,null,42023250,466734,900.0,398DPWH6,153512,null,null,2021-06-24 00:00:00,null,360.0,null,360.0,0.0,2602.8,BT,null,KG,null,null,0,2021-06-24 16:44:01,2021-06-22 12:01:01,2021-06-24 08:44:19,20210803,scale_jiq,83858,20210624,scale
Pernod-Wine,Pernod-Wine,JIQ,JIQ,DBS217,DBS217,传说源自拉菲罗斯柴尔德梅多克红葡萄酒,null,null,null,null,42023252,466736,900.0,398DPWH6,153512,null,null,2021-06-24 00:00:00,null,168.0,null,168.0,0.0,1300.32,BT,null,KG,null,null,0,2021-06-24 16:44:01,2021-06-22 12:01:01,2021-06-24 08:44:20,20210803,scale_jiq,83859,20210624,scale
Pernod-Wine,Pernod-Wine,JIQ,JIQ,DBS217,DBS217,传说源自拉菲罗斯柴尔德梅多克红葡萄酒,null,null,null,null,42023252,466735,900.0,398DPWH6,153512,null,null,2021-06-24 00:00:00,null,12.0,null,12.0,0.0,92.88,BT,null,KG,null,null,0,2021-06-24 16:44:01,2021-06-22 12:01:01,2021-06-24 08:44:20,20210803,scale_jiq,83859,20210624,scale
Pernod-DF,Pernod-DF,JIQ,JIQ,XDML60042,XDML60042,马爹利礼赠礼袋,null,null,null,null,16350607,467414,900.0,null,153517,null,null,2021-06-23 00:00:00,null,300.0,null,300.0,0.0,0.0,PC,null,null,null,null,0,2021-06-24 09:46:49,2021-06-23 07:22:12,2021-06-24 01:50:27,20210803,scale_jiq,83905,20210624,scale
Pernod-DF,Pernod-DF,JIQ,JIQ,XDML60048,XDML60048,马爹利精彩框立架,null,null,null,null,16350607,467412,900.0,null,153517,null,null,2021-06-23 00:00:00,null,1.0,null,1.0,0.0,0.0,PC,null,null,null,null,0,2021-06-24 09:46:49,2021-06-23 07:22:12,2021-06-24 01:50:27,20210803,scale_jiq,83905,20210624,scale
Pernod-DF,Pernod-DF,JIQ,JIQ,XDML60041,XDML60041,马爹利礼赠腰封 MCB1L,null,null,null,null,16350607,467413,900.0,null,153517,null,null,2021-06-23 00:00:00,null,2000.0,null,2000.0,0.0,0.0,PC,null,null,null,null,0,2021-06-24 09:46:49,2021-06-23 07:22:12,2021-06-24 01:50:27,20210803,scale_jiq,83905,20210624,scale
Pernod-DF,Pernod-DF,JIQ,JIQ,XDML60050,XDML60050,Thank you 感谢卡片,null,null,null,null,16350606,467420,900.0,null,153517,null,null,2021-06-23 00:00:00,null,20.0,null,20.0,0.0,0.0,PC,null,null,null,null,0,2021-06-24 09:46:49,2021-06-23 07:23:42,2021-06-24 01:50:28,20210803,scale_jiq,83906,20210624,scale
Pernod-DF,Pernod-DF,JIQ,JIQ,XDML60049,XDML60049,Congratulations祝贺卡片,null,null,null,null,16350606,467419,900.0,null,153517,null,null,2021-06-23 00:00:00,null,20.0,null,20.0,0.0,0.0,PC,null,null,null,null,0,2021-06-24 09:46:49,2021-06-23 07:23:42,2021-06-24 01:50:28,20210803,scale_jiq,83906,20210624,scale
Pernod-DF,Pernod-DF,JIQ,JIQ,XDML60041,XDML60041,马爹利礼赠腰封 MCB1L,null,null,null,null,16350606,467423,900.0,null,153517,null,null,2021-06-23 00:00:00,null,100.0,null,100.0,0.0,0.0,PC,null,null,null,null,0,2021-06-24 09:46:49,2021-06-23 07:23:42,2021-06-24 01:50:28,20210803,scale_jiq,83906,20210624,scale
Pernod-DF,Pernod-DF,JIQ,JIQ,XDML60051,XDML60051,Happy Birthday生日快乐卡片,null,null,null,null,16350606,467421,900.0,null,153517,null,null,2021-06-23 00:00:00,null,20.0,null,20.0,0.0,0.0,PC,null,null,null,null,0,2021-06-24 09:46:49,2021-06-23 07:23:42,2021-06-24 01:50:28,20210803,scale_jiq,83906,20210624,scale
Pernod-DF,Pernod-DF,JIQ,JIQ,XDML60046,XDML60046,马爹利赠礼台卡,null,null,null,null,16350606,467422,900.0,null,153517,null,null,2021-06-23 00:00:00,null,2.0,null,2.0,0.0,0.0,PC,null,null,null,null,0,2021-06-24 09:46:49,2021-06-23 07:23:42,2021-06-24 01:50:28,20210803,scale_jiq,83906,20210624,scale
Pernod-DF,Pernod-DF,JIQ,JIQ,XDML60042,XDML60042,马爹利礼赠礼袋,null,null,null,null,16350606,467427,900.0,null,153517,null,null,2021-06-23 00:00:00,null,100.0,null,100.0,0.0,0.0,PC,null,null,null,null,0,2021-06-24 09:46:49,2021-06-23 07:23:42,2021-06-24 01:50:28,20210803,scale_jiq,83906,20210624,scale
Pernod-DF,Pernod-DF,JIQ,JIQ,XDML60048,XDML60048,马爹利精彩框立架,null,null,null,null,16350606,467415,900.0,null,153517,null,null,2021-06-23 00:00:00,null,2.0,null,2.0,0.0,0.0,PC,null,null,null,null,0,2021-06-24 09:46:49,2021-06-23 07:23:42,2021-06-24 01:50:28,20210803,scale_jiq,83906,20210624,scale
Pernod-DF,Pernod-DF,JIQ,JIQ,XDML60053,XDML60053,礼品包裹贴纸,null,null,null,null,16350606,467418,900.0,null,153517,null,null,2021-06-23 00:00:00,null,100.0,null,100.0,0.0,0.0,PC,null,null,null,null,0,2021-06-24 09:46:49,2021-06-23 07:23:42,2021-06-24 01:50:28,20210803,scale_jiq,83906,20210624,scale
Pernod-DF,Pernod-DF,JIQ,JIQ,XDML60052,XDML60052,瓶颈带贴纸,null,null,null,null,16350606,467417,900.0,null,153517,null,null,2021-06-23 00:00:00,null,100.0,null,100.0,0.0,0.0,PC,null,null,null,null,0,2021-06-24 09:46:49,2021-06-23 07:23:42,2021-06-24 01:50:28,20210803,scale_jiq,83906,20210624,scale
Pernod-DF,Pernod-DF,JIQ,JIQ,XDML60047,XDML60047,马爹利瓶颈领带,null,null,null,null,16350606,467416,900.0,null,153517,null,null,2021-06-23 00:00:00,null,100.0,null,100.0,0.0,0.0,PC,null,null,null,null,0,2021-06-24 09:46:49,2021-06-23 07:23:42,2021-06-24 01:50:28,20210803,scale_jiq,83906,20210624,scale
Pernod-DF,Pernod-DF,JIQ,JIQ,XDML60042,XDML60042,马爹利礼赠礼袋,null,null,null,null,16350608,467426,900.0,null,153517,null,null,2021-06-23 00:00:00,null,300.0,null,300.0,0.0,0.0,PC,null,null,null,null,0,2021-06-24 09:46:49,2021-06-23 07:26:43,2021-06-24 01:50:30,20210803,scale_jiq,83907,20210624,scale
Pernod-DF,Pernod-DF,JIQ,JIQ,XDML60041,XDML60041,马爹利礼赠腰封 MCB1L,null,null,null,null,16350608,467425,900.0,null,153517,null,null,2021-06-23 00:00:00,null,2000.0,null,2000.0,0.0,0.0,PC,null,null,null,null,0,2021-06-24 09:46:49,2021-06-23 07:26:43,2021-06-24 01:50:30,20210803,scale_jiq,83907,20210624,scale
Pernod-DF,Pernod-DF,JIQ,JIQ,XDML60048,XDML60048,马爹利精彩框立架,null,null,null,null,16350608,467424,900.0,null,153517,null,null,2021-06-23 00:00:00,null,1.0,null,1.0,0.0,0.0,PC,null,null,null,null,0,2021-06-24 09:46:49,2021-06-23 07:26:43,2021-06-24 01:50:30,20210803,scale_jiq,83907,20210624,scale
Pernod-Canju,Pernod-Canju,JIQ,JIQ,170839,170839,TECNOFLON VPL 55540,null,null,null,null,5554657,467520,900.0,null,153563,null,null,2021-06-24 00:00:00,null,0.2,null,0.2,0.0,0.0,KG,null,null,null,null,0,2021-06-26 09:29:50,2021-06-24 05:11:26,2021-06-26 01:30:24,20210803,scale_jiq,83916,20210626,scale
Pernod-Canju,Pernod-Canju,JIQ,JIQ,208889,208889,SOLEF XPH-957,null,null,null,null,5596570,467842,900.0,null,153602,null,null,2021-06-25 00:00:00,null,10.0,null,10.0,0.0,0.0,KG,null,null,null,null,0,2021-06-26 09:29:50,2021-06-25 07:44:43,2021-06-26 01:30:10,20210803,scale_jiq,83948,20210626,scale
Pernod-Wine,Pernod-Wine,JIQ,JIQ,DBS416,DBS416,传说源自拉菲罗斯柴尔德圣爱美乐红葡萄酒,null,null,null,null,42023300,468118,900.0,398DPWH6,153644,null,null,2021-06-30 00:00:00,null,9.0,null,9.0,0.0,69.66,BT,null,KG,null,null,0,2021-06-29 09:11:32,2021-06-28 10:46:00,2021-06-29 01:11:48,20210803,scale_jiq,83968,20210629,scale
Pernod-Canju,Pernod-Canju,JIQ,JIQ,184974,184974,LAVANTA HPP® EXPERIMENTAL,null,null,null,null,5595677,468684,900.0,null,153658,null,null,2021-06-30 00:00:00,null,50.0,null,50.0,0.0,0.0,KG,null,null,null,null,0,2021-06-30 09:14:19,2021-06-30 01:10:15,2021-06-30 01:14:42,20210803,scale_jiq,84007,20210630,scale
Pernod-Canju,Pernod-Canju,JIQ,JIQ,184974,184974,LAVANTA HPP® EXPERIMENTAL,null,null,null,null,5595677,468683,900.0,null,153658,null,null,2021-06-30 00:00:00,null,50.0,null,50.0,0.0,0.0,KG,null,null,null,null,0,2021-06-30 09:14:19,2021-06-30 01:10:15,2021-06-30 01:14:42,20210803,scale_jiq,84007,20210630,scale
Pernod-Wine,Pernod-Wine,JIQ,JIQ,011014,011014,芝华士12年苏格兰威士忌 120 X 5CL,null,null,null,null,39943394,468849,900.0,TOF,153749,null,null,2021-07-01 00:00:00,null,600.0,null,600.0,0.0,9300.0,BT,null,KG,null,null,0,2021-07-01 15:12:06,2021-07-01 06:16:01,2021-07-01 07:14:08,20210803,scale_jiq,84035,20210701,scale